datetime,hour,day_of_week,is_weekend,peak_period,temp_c,rh_pct,rain_mm,sunshine_sec,shortwave_wm2,wind_speed_ms,temp_bin,spike_flag,compound_highTemp_lowSolar_peakHour,RRP_lag_1h,RRP_lag_12h,RRP_lag_24h,TOTALDEMAND_lag_1h,TOTALDEMAND_lag_12h,TOTALDEMAND_lag_24h,RRP_rolling_3h,RRP_rolling_6h,RRP_rolling_24h,TOTALDEMAND_rolling_3h,TOTALDEMAND_rolling_6h,TOTALDEMAND_rolling_24h,region,forecast_price,forecast_demand
2025-09-11 00:30:00+00:00,0,3,0,other,,,,,,,,,,,,,,,,,,,,,,NSW1,40.32406062079438,7206.711745687566
2025-09-11 01:00:00+00:00,1,3,0,other,,,,,,,,,,,,,,,,,,,,,,NSW1,49.66825556636284,4167.906359330093
2025-09-11 01:30:00+00:00,1,3,0,other,,,,,,,,,,,,,,,,,,,,,,NSW1,43.58050059108473,4055.7990368715023
2025-09-11 02:00:00+00:00,2,3,0,other,,,,,,,,,,,,,,,,,,,,,,NSW1,48.46208637036158,4325.697755156074
2025-09-11 02:30:00+00:00,2,3,0,other,,,,,,,,,,,,,,,,,,,,,,NSW1,47.244972013309166,4140.709054258041
2025-09-11 03:00:00+00:00,3,3,0,other,,,,,,,,,,,,,,,,,,,,,,NSW1,53.89142056834416,4404.02081320558
2025-09-11 03:30:00+00:00,3,3,0,other,,,,,,,,,,,,,,,,,,,,,,NSW1,48.64618843687172,4054.471845935272
2025-09-11 04:00:00+00:00,4,3,0,other,,,,,,,,,,,,,,,,,,,,,,NSW1,42.66756035837534,4195.0621133674
2025-09-11 04:30:00+00:00,4,3,0,other,,,,,,,,,,,,,,,,,,,,,,NSW1,53.635622615404074,4216.966035133367
2025-09-11 05:00:00+00:00,5,3,0,other,,,,,,,,,,,,,,,,,,,,,,NSW1,43.32281402841152,4194.327111737449
2025-09-11 05:30:00+00:00,5,3,0,other,,,,,,,,,,,,,,,,,,,,,,NSW1,43.00985652467108,4392.488535239466
2025-09-11 06:00:00+00:00,6,3,0,shoulder,,,,,,,,,,,,,,,,,,,,,,NSW1,48.380671245053286,6662.091133263217
2025-09-11 06:30:00+00:00,6,3,0,shoulder,,,,,,,,,,,,,,,,,,,,,,NSW1,46.499737830568385,6688.841548254341
2025-09-11 07:00:00+00:00,7,3,0,peak,,,,,,,,,,,,,,,,,,,,,,NSW1,76.53750603010798,9070.67576548272
2025-09-11 07:30:00+00:00,7,3,0,peak,,,,,,,,,,,,,,,,,,,,,,NSW1,67.07782532683643,9571.871444956869
2025-09-11 08:00:00+00:00,8,3,0,peak,,,,,,,,,,,,,,,,,,,,,,NSW1,77.13523099538197,10041.23309350291
2025-09-11 08:30:00+00:00,8,3,0,peak,,,,,,,,,,,,,,,,,,,,,,NSW1,60.25398102083955,9904.085442986257
2025-09-11 09:00:00+00:00,9,3,0,peak,,,,,,,,,,,,,,,,,,,,,,NSW1,71.66553822347309,8737.48690834396
2025-09-11 09:30:00+00:00,9,3,0,peak,,,,,,,,,,,,,,,,,,,,,,NSW1,67.16798803917037,8823.34684654084
2025-09-11 10:00:00+00:00,10,3,0,other,,,,,,,,,,,,,,,,,,,,,,NSW1,56.44440347839159,7780.618517954996
2025-09-11 10:30:00+00:00,10,3,0,other,,,,,,,,,,,,,,,,,,,,,,NSW1,42.89869657895207,6935.7425283840885
2025-09-11 11:00:00+00:00,11,3,0,other,,,,,,,,,,,,,,,,,,,,,,NSW1,54.70149995879996,6935.1779374369435
2025-09-11 11:30:00+00:00,11,3,0,other,,,,,,,,,,,,,,,,,,,,,,NSW1,40.76580999043829,7033.967599571064
2025-09-11 12:00:00+00:00,12,3,0,other,,,,,,,,,,,,,,,,,,,,,,NSW1,44.72596323092212,7163.653930346909
2025-09-11 12:30:00+00:00,12,3,0,other,,,,,,,,,,,,,,,,,,,,,,NSW1,49.26343130285812,6862.757213370259
2025-09-11 13:00:00+00:00,13,3,0,other,,,,,,,,,,,,,,,,,,,,,,NSW1,49.97486080192585,6769.816583522529
2025-09-11 13:30:00+00:00,13,3,0,other,,,,,,,,,,,,,,,,,,,,,,NSW1,46.59422121609019,7273.294475902236
2025-09-11 14:00:00+00:00,14,3,0,other,,,,,,,,,,,,,,,,,,,,,,NSW1,57.78285640329916,7022.607949320441
2025-09-11 14:30:00+00:00,14,3,0,other,,,,,,,,,,,,,,,,,,,,,,NSW1,46.20658581317393,7175.817728489287
2025-09-11 15:00:00+00:00,15,3,0,other,,,,,,,,,,,,,,,,,,,,,,NSW1,49.97017337053537,7194.063910916599
2025-09-11 15:30:00+00:00,15,3,0,other,,,,,,,,,,,,,,,,,,,,,,NSW1,53.135595674532965,6127.7456763372
2025-09-11 16:00:00+00:00,16,3,0,other,,,,,,,,,,,,,,,,,,,,,,NSW1,50.1661736966145,7383.352565561276
2025-09-11 16:30:00+00:00,16,3,0,other,,,,,,,,,,,,,,,,,,,,,,NSW1,44.411925883614614,6984.162476220416
2025-09-11 17:00:00+00:00,17,3,0,peak,,,,,,,,,,,,,,,,,,,,,,NSW1,67.95528010587257,8518.990082961607
2025-09-11 17:30:00+00:00,17,3,0,peak,,,,,,,,,,,,,,,,,,,,,,NSW1,64.03243431881054,8890.82029446541
2025-09-11 18:00:00+00:00,18,3,0,peak,,,,,,,,,,,,,,,,,,,,,,NSW1,71.89632930010823,9636.984226479972
2025-09-11 18:30:00+00:00,18,3,0,peak,,,,,,,,,,,,,,,,,,,,,,NSW1,66.71083515420841,8783.024178250926
2025-09-11 19:00:00+00:00,19,3,0,peak,,,,,,,,,,,,,,,,,,,,,,NSW1,79.9519757021833,9141.155486024067
2025-09-11 19:30:00+00:00,19,3,0,peak,,,,,,,,,,,,,,,,,,,,,,NSW1,67.30622042272758,9082.314477100492
2025-09-11 20:00:00+00:00,20,3,0,peak,,,,,,,,,,,,,,,,,,,,,,NSW1,63.43636659948257,8693.99484088208
2025-09-11 20:30:00+00:00,20,3,0,peak,,,,,,,,,,,,,,,,,,,,,,NSW1,70.20371819224749,9555.111063898854
2025-09-11 21:00:00+00:00,21,3,0,peak,,,,,,,,,,,,,,,,,,,,,,NSW1,63.917579547404024,9008.753507834386
2025-09-11 21:30:00+00:00,21,3,0,peak,,,,,,,,,,,,,,,,,,,,,,NSW1,77.2484609388203,8519.670099846124
2025-09-11 22:00:00+00:00,22,3,0,shoulder,,,,,,,,,,,,,,,,,,,,,,NSW1,54.53379663738453,7077.467660710662
2025-09-11 22:30:00+00:00,22,3,0,shoulder,,,,,,,,,,,,,,,,,,,,,,NSW1,55.5098145091778,7324.558521489713
2025-09-11 23:00:00+00:00,23,3,0,shoulder,,,,,,,,,,,,,,,,,,,,,,NSW1,46.46475580402251,7100.037219478811
2025-09-11 23:30:00+00:00,23,3,0,shoulder,,,,,,,,,,,,,,,,,,,,,,NSW1,53.80532260230978,6998.177467385164
2025-09-12 00:00:00+00:00,0,4,0,other,,,,,,,,,,,,,,,,,,,,,,NSW1,54.67131089926117,7072.036451875618
2025-09-12 00:30:00+00:00,0,4,0,other,,,,,,,,,,,,,,,,,,,,,,NSW1,52.19594144843388,7067.998465360431
2025-09-12 01:00:00+00:00,1,4,0,other,,,,,,,,,,,,,,,,,,,,,,NSW1,39.558360968439,4197.246299507939
2025-09-12 01:30:00+00:00,1,4,0,other,,,,,,,,,,,,,,,,,,,,,,NSW1,44.6716907298775,4282.740813397485
2025-09-12 02:00:00+00:00,2,4,0,other,,,,,,,,,,,,,,,,,,,,,,NSW1,44.15261294969019,4088.5109454500434
2025-09-12 02:30:00+00:00,2,4,0,other,,,,,,,,,,,,,,,,,,,,,,NSW1,53.26082899568415,4268.47947542143
2025-09-12 03:00:00+00:00,3,4,0,other,,,,,,,,,,,,,,,,,,,,,,NSW1,52.9990659098409,4443.881756510655
2025-09-12 03:30:00+00:00,3,4,0,other,,,,,,,,,,,,,,,,,,,,,,NSW1,45.148199601714566,4333.466582631254
2025-09-12 04:00:00+00:00,4,4,0,other,,,,,,,,,,,,,,,,,,,,,,NSW1,51.02975233029427,4597.258348259477
2025-09-12 04:30:00+00:00,4,4,0,other,,,,,,,,,,,,,,,,,,,,,,NSW1,45.93528504053222,4495.003006086817
2025-09-12 05:00:00+00:00,5,4,0,other,,,,,,,,,,,,,,,,,,,,,,NSW1,43.128963311513246,3912.3901416239637
2025-09-12 05:30:00+00:00,5,4,0,other,,,,,,,,,,,,,,,,,,,,,,NSW1,46.317191019485485,4663.491167998659
2025-09-12 06:00:00+00:00,6,4,0,shoulder,,,,,,,,,,,,,,,,,,,,,,NSW1,56.61873233493042,6565.968281800677
2025-09-12 06:30:00+00:00,6,4,0,shoulder,,,,,,,,,,,,,,,,,,,,,,NSW1,46.550627181112716,7255.549536383341
2025-09-12 07:00:00+00:00,7,4,0,peak,,,,,,,,,,,,,,,,,,,,,,NSW1,64.6481197376188,8402.000787198287
2025-09-12 07:30:00+00:00,7,4,0,peak,,,,,,,,,,,,,,,,,,,,,,NSW1,80.53748253901082,8984.379364223418
2025-09-12 08:00:00+00:00,8,4,0,peak,,,,,,,,,,,,,,,,,,,,,,NSW1,65.76078433027135,9575.851907738279
2025-09-12 08:30:00+00:00,8,4,0,peak,,,,,,,,,,,,,,,,,,,,,,NSW1,74.29950065551502,9549.733058608303
2025-09-12 09:00:00+00:00,9,4,0,peak,,,,,,,,,,,,,,,,,,,,,,NSW1,77.12806119091636,9357.585878632102
2025-09-12 09:30:00+00:00,9,4,0,peak,,,,,,,,,,,,,,,,,,,,,,NSW1,67.45370343485246,9184.881306743391
2025-09-12 10:00:00+00:00,10,4,0,other,,,,,,,,,,,,,,,,,,,,,,NSW1,42.65688423474213,7213.636582432658
2025-09-12 10:30:00+00:00,10,4,0,other,,,,,,,,,,,,,,,,,,,,,,NSW1,40.21056769040256,6409.605698393972
2025-09-12 11:00:00+00:00,11,4,0,other,,,,,,,,,,,,,,,,,,,,,,NSW1,44.39929243342631,6589.512980124833
2025-09-12 11:30:00+00:00,11,4,0,other,,,,,,,,,,,,,,,,,,,,,,NSW1,38.0721538172062,6737.560006010847
2025-09-12 12:00:00+00:00,12,4,0,other,,,,,,,,,,,,,,,,,,,,,,NSW1,42.57701466713141,6901.1752185201385
2025-09-12 12:30:00+00:00,12,4,0,other,,,,,,,,,,,,,,,,,,,,,,NSW1,48.56659871483179,6878.331950685602
2025-09-12 13:00:00+00:00,13,4,0,other,,,,,,,,,,,,,,,,,,,,,,NSW1,37.33005564421866,7270.625810530963
2025-09-12 13:30:00+00:00,13,4,0,other,,,,,,,,,,,,,,,,,,,,,,NSW1,52.87033406518652,7240.793786531652
2025-09-12 14:00:00+00:00,14,4,0,other,,,,,,,,,,,,,,,,,,,,,,NSW1,57.20570680361885,7018.325558230255
2025-09-12 14:30:00+00:00,14,4,0,other,,,,,,,,,,,,,,,,,,,,,,NSW1,54.16840090490746,6785.240143931167
2025-09-12 15:00:00+00:00,15,4,0,other,,,,,,,,,,,,,,,,,,,,,,NSW1,48.628886544129614,7196.171415399566
2025-09-12 15:30:00+00:00,15,4,0,other,,,,,,,,,,,,,,,,,,,,,,NSW1,59.39738912017041,7310.154484752941
2025-09-12 16:00:00+00:00,16,4,0,other,,,,,,,,,,,,,,,,,,,,,,NSW1,54.76555502678939,7424.841738874043
2025-09-12 16:30:00+00:00,16,4,0,other,,,,,,,,,,,,,,,,,,,,,,NSW1,59.03589479783247,7414.404370259061
2025-09-12 17:00:00+00:00,17,4,0,peak,,,,,,,,,,,,,,,,,,,,,,NSW1,53.23585077900228,9482.968427319262
2025-09-12 17:30:00+00:00,17,4,0,peak,,,,,,,,,,,,,,,,,,,,,,NSW1,63.22607452837015,10171.599340886207
2025-09-12 18:00:00+00:00,18,4,0,peak,,,,,,,,,,,,,,,,,,,,,,NSW1,80.43491113324863,8759.813699330989
2025-09-12 18:30:00+00:00,18,4,0,peak,,,,,,,,,,,,,,,,,,,,,,NSW1,65.13397890837832,9069.45183554989
2025-09-12 19:00:00+00:00,19,4,0,peak,,,,,,,,,,,,,,,,,,,,,,NSW1,75.211469100091,8731.270584744563
2025-09-12 19:30:00+00:00,19,4,0,peak,,,,,,,,,,,,,,,,,,,,,,NSW1,80.67294424819823,9271.979369323444
2025-09-12 20:00:00+00:00,20,4,0,peak,,,,,,,,,,,,,,,,,,,,,,NSW1,72.00253704335076,9133.631995593345
2025-09-12 20:30:00+00:00,20,4,0,peak,,,,,,,,,,,,,,,,,,,,,,NSW1,65.95493266309968,8486.714556988138
2025-09-12 21:00:00+00:00,21,4,0,peak,,,,,,,,,,,,,,,,,,,,,,NSW1,75.62980754585402,7917.8436401526205
2025-09-12 21:30:00+00:00,21,4,0,peak,,,,,,,,,,,,,,,,,,,,,,NSW1,58.45535682642443,8978.560645843476
2025-09-12 22:00:00+00:00,22,4,0,shoulder,,,,,,,,,,,,,,,,,,,,,,NSW1,39.967370728540836,7035.69479420761
2025-09-12 22:30:00+00:00,22,4,0,shoulder,,,,,,,,,,,,,,,,,,,,,,NSW1,53.46353580034442,6858.905327165333
2025-09-12 23:00:00+00:00,23,4,0,shoulder,,,,,,,,,,,,,,,,,,,,,,NSW1,50.30734926758773,6943.379015149008
2025-09-12 23:30:00+00:00,23,4,0,shoulder,,,,,,,,,,,,,,,,,,,,,,NSW1,48.87700477921082,6702.9099754990175
2025-09-13 00:00:00+00:00,0,5,1,other,,,,,,,,,,,,,,,,,,,,,,NSW1,37.100234520645685,6444.233448468059
2025-09-13 00:30:00+00:00,0,5,1,other,,,,,,,,,,,,,,,,,,,,,,NSW1,40.38587902928383,6084.569885141553
2025-09-13 01:00:00+00:00,1,5,1,other,,,,,,,,,,,,,,,,,,,,,,NSW1,43.71275171971356,3559.657212530792
2025-09-13 01:30:00+00:00,1,5,1,other,,,,,,,,,,,,,,,,,,,,,,NSW1,46.06058577730102,3836.0660268151296
2025-09-13 02:00:00+00:00,2,5,1,other,,,,,,,,,,,,,,,,,,,,,,NSW1,36.01785351240835,3534.7524195441406
2025-09-13 02:30:00+00:00,2,5,1,other,,,,,,,,,,,,,,,,,,,,,,NSW1,36.818008013016545,3636.6376699644134
2025-09-13 03:00:00+00:00,3,5,1,other,,,,,,,,,,,,,,,,,,,,,,NSW1,34.58809920965038,3472.3711124218576
2025-09-13 03:30:00+00:00,3,5,1,other,,,,,,,,,,,,,,,,,,,,,,NSW1,45.37610560247888,3246.3540805551684
2025-09-13 04:00:00+00:00,4,5,1,other,,,,,,,,,,,,,,,,,,,,,,NSW1,47.22104087293679,3259.4036812885215
2025-09-13 04:30:00+00:00,4,5,1,other,,,,,,,,,,,,,,,,,,,,,,NSW1,31.800135919688692,3334.277441106301
2025-09-13 05:00:00+00:00,5,5,1,other,,,,,,,,,,,,,,,,,,,,,,NSW1,39.12393114468651,3407.609033736792
2025-09-13 05:30:00+00:00,5,5,1,other,,,,,,,,,,,,,,,,,,,,,,NSW1,40.29569958393778,3526.181779545307
2025-09-13 06:00:00+00:00,6,5,1,shoulder,,,,,,,,,,,,,,,,,,,,,,NSW1,35.45993010202573,5354.510025651343
2025-09-13 06:30:00+00:00,6,5,1,shoulder,,,,,,,,,,,,,,,,,,,,,,NSW1,44.329913248731856,6122.4347288731415
2025-09-13 07:00:00+00:00,7,5,1,peak,,,,,,,,,,,,,,,,,,,,,,NSW1,64.64771561783272,7882.863979643784
2025-09-13 07:30:00+00:00,7,5,1,peak,,,,,,,,,,,,,,,,,,,,,,NSW1,50.749690051458934,7679.037875397234
2025-09-13 08:00:00+00:00,8,5,1,peak,,,,,,,,,,,,,,,,,,,,,,NSW1,52.53501737266845,7649.216587664977
2025-09-13 08:30:00+00:00,8,5,1,peak,,,,,,,,,,,,,,,,,,,,,,NSW1,63.20279255685743,7623.551159948286
2025-09-13 09:00:00+00:00,9,5,1,peak,,,,,,,,,,,,,,,,,,,,,,NSW1,48.26014314409001,7500.670116050658
2025-09-13 09:30:00+00:00,9,5,1,peak,,,,,,,,,,,,,,,,,,,,,,NSW1,55.93972284672549,7819.5082221279945
2025-09-13 10:00:00+00:00,10,5,1,other,,,,,,,,,,,,,,,,,,,,,,NSW1,40.18579742794266,6515.073362363399
2025-09-13 10:30:00+00:00,10,5,1,other,,,,,,,,,,,,,,,,,,,,,,NSW1,38.38983059666831,5960.890247712097
2025-09-13 11:00:00+00:00,11,5,1,other,,,,,,,,,,,,,,,,,,,,,,NSW1,38.01422859315851,5584.951093057479
2025-09-13 11:30:00+00:00,11,5,1,other,,,,,,,,,,,,,,,,,,,,,,NSW1,28.062221672555204,6294.504179640358
2025-09-13 12:00:00+00:00,12,5,1,other,,,,,,,,,,,,,,,,,,,,,,NSW1,44.14014434076329,6380.270163952372
2025-09-13 12:30:00+00:00,12,5,1,other,,,,,,,,,,,,,,,,,,,,,,NSW1,40.84950718841908,6026.285983578378
2025-09-13 13:00:00+00:00,13,5,1,other,,,,,,,,,,,,,,,,,,,,,,NSW1,41.82217882743768,6513.972728476748
2025-09-13 13:30:00+00:00,13,5,1,other,,,,,,,,,,,,,,,,,,,,,,NSW1,39.07451591384071,5431.236998402913
2025-09-13 14:00:00+00:00,14,5,1,other,,,,,,,,,,,,,,,,,,,,,,NSW1,39.24347113016131,5455.755823497575
2025-09-13 14:30:00+00:00,14,5,1,other,,,,,,,,,,,,,,,,,,,,,,NSW1,37.3961606779066,5952.21210673425
2025-09-13 15:00:00+00:00,15,5,1,other,,,,,,,,,,,,,,,,,,,,,,NSW1,43.829207757893904,6319.216974439404
2025-09-13 15:30:00+00:00,15,5,1,other,,,,,,,,,,,,,,,,,,,,,,NSW1,40.97748975862593,5838.647188062035
2025-09-13 16:00:00+00:00,16,5,1,other,,,,,,,,,,,,,,,,,,,,,,NSW1,41.311049254962825,5486.49202446778
2025-09-13 16:30:00+00:00,16,5,1,other,,,,,,,,,,,,,,,,,,,,,,NSW1,40.04320760708576,6355.33288301015
2025-09-13 17:00:00+00:00,17,5,1,peak,,,,,,,,,,,,,,,,,,,,,,NSW1,54.135576175545495,7738.6937102858565
2025-09-13 17:30:00+00:00,17,5,1,peak,,,,,,,,,,,,,,,,,,,,,,NSW1,60.081038417259975,7632.963646809887
2025-09-13 18:00:00+00:00,18,5,1,peak,,,,,,,,,,,,,,,,,,,,,,NSW1,59.603682286120375,7508.660467310138
2025-09-13 18:30:00+00:00,18,5,1,peak,,,,,,,,,,,,,,,,,,,,,,NSW1,58.42758703824005,7539.533932970235
2025-09-13 19:00:00+00:00,19,5,1,peak,,,,,,,,,,,,,,,,,,,,,,NSW1,52.2841157904719,6886.597872989078
2025-09-13 19:30:00+00:00,19,5,1,peak,,,,,,,,,,,,,,,,,,,,,,NSW1,59.579441616910835,7734.879789055994
2025-09-13 20:00:00+00:00,20,5,1,peak,,,,,,,,,,,,,,,,,,,,,,NSW1,57.81687699650242,7349.434097877441
2025-09-13 20:30:00+00:00,20,5,1,peak,,,,,,,,,,,,,,,,,,,,,,NSW1,50.894831619111706,7530.7861436446965
2025-09-13 21:00:00+00:00,21,5,1,peak,,,,,,,,,,,,,,,,,,,,,,NSW1,59.106248979492236,7638.514298961361
2025-09-13 21:30:00+00:00,21,5,1,peak,,,,,,,,,,,,,,,,,,,,,,NSW1,55.744891675299186,7631.839161221836
2025-09-13 22:00:00+00:00,22,5,1,shoulder,,,,,,,,,,,,,,,,,,,,,,NSW1,42.52033334873821,5230.487191456751
2025-09-13 22:30:00+00:00,22,5,1,shoulder,,,,,,,,,,,,,,,,,,,,,,NSW1,43.970689323971285,6133.977009674293
2025-09-13 23:00:00+00:00,23,5,1,shoulder,,,,,,,,,,,,,,,,,,,,,,NSW1,41.530883238762954,5609.560267295628
2025-09-13 23:30:00+00:00,23,5,1,shoulder,,,,,,,,,,,,,,,,,,,,,,NSW1,50.21318782296804,6043.713751420355
2025-09-14 00:00:00+00:00,0,6,1,other,,,,,,,,,,,,,,,,,,,,,,NSW1,41.64878046914587,5789.945868777425
2025-09-14 00:30:00+00:00,0,6,1,other,,,,,,,,,,,,,,,,,,,,,,NSW1,36.40601441614687,6055.3337863852585
2025-09-14 01:00:00+00:00,1,6,1,other,,,,,,,,,,,,,,,,,,,,,,NSW1,44.647592095067026,3760.884168029586
2025-09-14 01:30:00+00:00,1,6,1,other,,,,,,,,,,,,,,,,,,,,,,NSW1,47.77022832956912,3537.393503143514
2025-09-14 02:00:00+00:00,2,6,1,other,,,,,,,,,,,,,,,,,,,,,,NSW1,43.70565294887572,3574.2486254929845
2025-09-14 02:30:00+00:00,2,6,1,other,,,,,,,,,,,,,,,,,,,,,,NSW1,44.79486805308806,3707.3636823158595
2025-09-14 03:00:00+00:00,3,6,1,other,,,,,,,,,,,,,,,,,,,,,,NSW1,35.43482405767144,3207.451712340074
2025-09-14 03:30:00+00:00,3,6,1,other,,,,,,,,,,,,,,,,,,,,,,NSW1,43.530513793839944,3395.3118832977434
2025-09-14 04:00:00+00:00,4,6,1,other,,,,,,,,,,,,,,,,,,,,,,NSW1,43.81049167151979,3250.7880288116476
2025-09-14 04:30:00+00:00,4,6,1,other,,,,,,,,,,,,,,,,,,,,,,NSW1,33.97633242150067,3323.315130576166
2025-09-14 05:00:00+00:00,5,6,1,other,,,,,,,,,,,,,,,,,,,,,,NSW1,38.45204808545582,3704.693785771145
2025-09-14 05:30:00+00:00,5,6,1,other,,,,,,,,,,,,,,,,,,,,,,NSW1,40.90487044531352,3228.41310992886
2025-09-14 06:00:00+00:00,6,6,1,shoulder,,,,,,,,,,,,,,,,,,,,,,NSW1,41.44300288662365,5826.803529612325
2025-09-14 06:30:00+00:00,6,6,1,shoulder,,,,,,,,,,,,,,,,,,,,,,NSW1,42.54459130224596,6148.40177187362
2025-09-14 07:00:00+00:00,7,6,1,peak,,,,,,,,,,,,,,,,,,,,,,NSW1,58.24224649523437,8456.784321129227
2025-09-14 07:30:00+00:00,7,6,1,peak,,,,,,,,,,,,,,,,,,,,,,NSW1,47.278953072620325,7025.572388470405
2025-09-14 08:00:00+00:00,8,6,1,peak,,,,,,,,,,,,,,,,,,,,,,NSW1,57.72315431701987,7851.7459279221275
2025-09-14 08:30:00+00:00,8,6,1,peak,,,,,,,,,,,,,,,,,,,,,,NSW1,56.75220635944399,7911.02126210464
2025-09-14 09:00:00+00:00,9,6,1,peak,,,,,,,,,,,,,,,,,,,,,,NSW1,60.629099451262704,8024.586045524935
2025-09-14 09:30:00+00:00,9,6,1,peak,,,,,,,,,,,,,,,,,,,,,,NSW1,58.29266074202374,7645.702571399676
2025-09-14 10:00:00+00:00,10,6,1,other,,,,,,,,,,,,,,,,,,,,,,NSW1,37.889850523054356,5721.055639018207
2025-09-14 10:30:00+00:00,10,6,1,other,,,,,,,,,,,,,,,,,,,,,,NSW1,44.17524428574765,6292.084709325351
2025-09-14 11:00:00+00:00,11,6,1,other,,,,,,,,,,,,,,,,,,,,,,NSW1,42.5390607965684,5644.6825056425105
2025-09-14 11:30:00+00:00,11,6,1,other,,,,,,,,,,,,,,,,,,,,,,NSW1,38.61685473778388,5950.632914751315
2025-09-14 12:00:00+00:00,12,6,1,other,,,,,,,,,,,,,,,,,,,,,,NSW1,45.60834883190835,5747.282260277914
2025-09-14 12:30:00+00:00,12,6,1,other,,,,,,,,,,,,,,,,,,,,,,NSW1,42.50291162042175,6305.176968426991
2025-09-14 13:00:00+00:00,13,6,1,other,,,,,,,,,,,,,,,,,,,,,,NSW1,43.75760322274602,6107.701365990929
2025-09-14 13:30:00+00:00,13,6,1,other,,,,,,,,,,,,,,,,,,,,,,NSW1,39.49813576336392,5713.484599865944
2025-09-14 14:00:00+00:00,14,6,1,other,,,,,,,,,,,,,,,,,,,,,,NSW1,36.356857013081445,6235.854629500505
2025-09-14 14:30:00+00:00,14,6,1,other,,,,,,,,,,,,,,,,,,,,,,NSW1,39.53074811016026,5315.504980455207
2025-09-14 15:00:00+00:00,15,6,1,other,,,,,,,,,,,,,,,,,,,,,,NSW1,38.54456990942749,6120.148797638643
2025-09-14 15:30:00+00:00,15,6,1,other,,,,,,,,,,,,,,,,,,,,,,NSW1,42.827083033275514,5635.287833154443
2025-09-14 16:00:00+00:00,16,6,1,other,,,,,,,,,,,,,,,,,,,,,,NSW1,44.95611952459197,6264.567901593098
2025-09-14 16:30:00+00:00,16,6,1,other,,,,,,,,,,,,,,,,,,,,,,NSW1,41.77348672826067,6517.821643401445
2025-09-14 17:00:00+00:00,17,6,1,peak,,,,,,,,,,,,,,,,,,,,,,NSW1,52.66288000991601,7180.303575008486
2025-09-14 17:30:00+00:00,17,6,1,peak,,,,,,,,,,,,,,,,,,,,,,NSW1,59.21852438672005,8593.39509602972
2025-09-14 18:00:00+00:00,18,6,1,peak,,,,,,,,,,,,,,,,,,,,,,NSW1,58.770388876206745,7902.944782418147
2025-09-14 18:30:00+00:00,18,6,1,peak,,,,,,,,,,,,,,,,,,,,,,NSW1,39.50910918141447,8036.333219774724
2025-09-14 19:00:00+00:00,19,6,1,peak,,,,,,,,,,,,,,,,,,,,,,NSW1,56.98239476866106,7035.218050470481
2025-09-14 19:30:00+00:00,19,6,1,peak,,,,,,,,,,,,,,,,,,,,,,NSW1,55.042187409592614,7461.868157514153
2025-09-14 20:00:00+00:00,20,6,1,peak,,,,,,,,,,,,,,,,,,,,,,NSW1,51.63950382468756,7457.569214656071
2025-09-14 20:30:00+00:00,20,6,1,peak,,,,,,,,,,,,,,,,,,,,,,NSW1,50.98288186666788,7920.263061061858
2025-09-14 21:00:00+00:00,21,6,1,peak,,,,,,,,,,,,,,,,,,,,,,NSW1,53.261994147650455,7958.9754927112845
2025-09-14 21:30:00+00:00,21,6,1,peak,,,,,,,,,,,,,,,,,,,,,,NSW1,60.78257684878701,6995.973124887038
2025-09-14 22:00:00+00:00,22,6,1,shoulder,,,,,,,,,,,,,,,,,,,,,,NSW1,35.36514912422901,6317.988793218334
2025-09-14 22:30:00+00:00,22,6,1,shoulder,,,,,,,,,,,,,,,,,,,,,,NSW1,42.587926722720795,5562.6634107795635
2025-09-14 23:00:00+00:00,23,6,1,shoulder,,,,,,,,,,,,,,,,,,,,,,NSW1,38.23563036276384,6447.179244043443
2025-09-14 23:30:00+00:00,23,6,1,shoulder,,,,,,,,,,,,,,,,,,,,,,NSW1,41.25266167244962,6187.480410364231
2025-09-15 00:00:00+00:00,0,0,0,other,,,,,,,,,,,,,,,,,,,,,,NSW1,55.84518550845385,6582.07625363726
2025-09-15 00:30:00+00:00,0,0,0,other,,,,,,,,,,,,,,,,,,,,,,NSW1,51.15742588150446,7312.320574213223
2025-09-15 01:00:00+00:00,1,0,0,other,,,,,,,,,,,,,,,,,,,,,,NSW1,53.64532206560294,4111.059945985327
2025-09-15 01:30:00+00:00,1,0,0,other,,,,,,,,,,,,,,,,,,,,,,NSW1,50.411877573301254,4206.731569074845
2025-09-15 02:00:00+00:00,2,0,0,other,,,,,,,,,,,,,,,,,,,,,,NSW1,51.22812608332542,4181.003025624341
2025-09-15 02:30:00+00:00,2,0,0,other,,,,,,,,,,,,,,,,,,,,,,NSW1,54.89913816872948,4189.774863759929
2025-09-15 03:00:00+00:00,3,0,0,other,,,,,,,,,,,,,,,,,,,,,,NSW1,49.40830655470568,4146.1899840228625
2025-09-15 03:30:00+00:00,3,0,0,other,,,,,,,,,,,,,,,,,,,,,,NSW1,51.33764937010743,4071.5475059941637
2025-09-15 04:00:00+00:00,4,0,0,other,,,,,,,,,,,,,,,,,,,,,,NSW1,47.97075028552777,4173.178944663368
2025-09-15 04:30:00+00:00,4,0,0,other,,,,,,,,,,,,,,,,,,,,,,NSW1,47.062716573103444,4181.890857968831
2025-09-15 05:00:00+00:00,5,0,0,other,,,,,,,,,,,,,,,,,,,,,,NSW1,41.55054894456352,4205.845181700054
2025-09-15 05:30:00+00:00,5,0,0,other,,,,,,,,,,,,,,,,,,,,,,NSW1,45.037173524540854,4082.0130947571
2025-09-15 06:00:00+00:00,6,0,0,shoulder,,,,,,,,,,,,,,,,,,,,,,NSW1,52.051440467559665,7390.694638816006
2025-09-15 06:30:00+00:00,6,0,0,shoulder,,,,,,,,,,,,,,,,,,,,,,NSW1,51.07051942798348,6414.658896885238
2025-09-15 07:00:00+00:00,7,0,0,peak,,,,,,,,,,,,,,,,,,,,,,NSW1,65.16731464596337,8567.184425591096
2025-09-15 07:30:00+00:00,7,0,0,peak,,,,,,,,,,,,,,,,,,,,,,NSW1,60.982071708084106,10329.584224260772
2025-09-15 08:00:00+00:00,8,0,0,peak,,,,,,,,,,,,,,,,,,,,,,NSW1,66.09227650006062,9634.914212108362
2025-09-15 08:30:00+00:00,8,0,0,peak,,,,,,,,,,,,,,,,,,,,,,NSW1,70.29735668509743,8928.32728046447
2025-09-15 09:00:00+00:00,9,0,0,peak,,,,,,,,,,,,,,,,,,,,,,NSW1,64.66738114713479,9241.389415877416
2025-09-15 09:30:00+00:00,9,0,0,peak,,,,,,,,,,,,,,,,,,,,,,NSW1,69.03882897104197,8631.513223613856
2025-09-15 10:00:00+00:00,10,0,0,other,,,,,,,,,,,,,,,,,,,,,,NSW1,54.687581093785866,6719.696785422152
2025-09-15 10:30:00+00:00,10,0,0,other,,,,,,,,,,,,,,,,,,,,,,NSW1,43.5181946287742,7972.938164335173
2025-09-15 11:00:00+00:00,11,0,0,other,,,,,,,,,,,,,,,,,,,,,,NSW1,53.647556652016284,6900.332958823245
2025-09-15 11:30:00+00:00,11,0,0,other,,,,,,,,,,,,,,,,,,,,,,NSW1,48.183629068771396,7135.487435049305
2025-09-15 12:00:00+00:00,12,0,0,other,,,,,,,,,,,,,,,,,,,,,,NSW1,45.228448526427634,6581.245478244246
2025-09-15 12:30:00+00:00,12,0,0,other,,,,,,,,,,,,,,,,,,,,,,NSW1,54.87285736798678,6871.818900111528
2025-09-15 13:00:00+00:00,13,0,0,other,,,,,,,,,,,,,,,,,,,,,,NSW1,50.766610748695285,6610.891219967154
2025-09-15 13:30:00+00:00,13,0,0,other,,,,,,,,,,,,,,,,,,,,,,NSW1,44.109048096244415,6873.094255263873
2025-09-15 14:00:00+00:00,14,0,0,other,,,,,,,,,,,,,,,,,,,,,,NSW1,38.79293869208485,6739.786245785957
2025-09-15 14:30:00+00:00,14,0,0,other,,,,,,,,,,,,,,,,,,,,,,NSW1,48.75023876523253,6487.4148905182865
2025-09-15 15:00:00+00:00,15,0,0,other,,,,,,,,,,,,,,,,,,,,,,NSW1,41.52344766832823,7065.557123117293
2025-09-15 15:30:00+00:00,15,0,0,other,,,,,,,,,,,,,,,,,,,,,,NSW1,44.14925510906478,6688.943030652993
2025-09-15 16:00:00+00:00,16,0,0,other,,,,,,,,,,,,,,,,,,,,,,NSW1,47.05338110724925,6538.855625230158
2025-09-15 16:30:00+00:00,16,0,0,other,,,,,,,,,,,,,,,,,,,,,,NSW1,40.38935778339431,7356.8633012122245
2025-09-15 17:00:00+00:00,17,0,0,peak,,,,,,,,,,,,,,,,,,,,,,NSW1,73.52433005420272,9478.790408273902
2025-09-15 17:30:00+00:00,17,0,0,peak,,,,,,,,,,,,,,,,,,,,,,NSW1,70.95976685033489,8984.504204411354
2025-09-15 18:00:00+00:00,18,0,0,peak,,,,,,,,,,,,,,,,,,,,,,NSW1,80.5483191245079,10216.1185801146
2025-09-15 18:30:00+00:00,18,0,0,peak,,,,,,,,,,,,,,,,,,,,,,NSW1,68.78219849755324,9073.776420115391
2025-09-15 19:00:00+00:00,19,0,0,peak,,,,,,,,,,,,,,,,,,,,,,NSW1,71.44051657520748,9740.121822083956
2025-09-15 19:30:00+00:00,19,0,0,peak,,,,,,,,,,,,,,,,,,,,,,NSW1,59.14417015229722,8821.85379181403
2025-09-15 20:00:00+00:00,20,0,0,peak,,,,,,,,,,,,,,,,,,,,,,NSW1,79.71120060027836,9198.067080327124
2025-09-15 20:30:00+00:00,20,0,0,peak,,,,,,,,,,,,,,,,,,,,,,NSW1,62.03271280284113,9287.733995827806
2025-09-15 21:00:00+00:00,21,0,0,peak,,,,,,,,,,,,,,,,,,,,,,NSW1,70.90040386688682,8335.411530028206
2025-09-15 21:30:00+00:00,21,0,0,peak,,,,,,,,,,,,,,,,,,,,,,NSW1,76.3826874124551,9424.228595520972
2025-09-15 22:00:00+00:00,22,0,0,shoulder,,,,,,,,,,,,,,,,,,,,,,NSW1,42.432144999752644,7325.904849727103
2025-09-15 22:30:00+00:00,22,0,0,shoulder,,,,,,,,,,,,,,,,,,,,,,NSW1,49.41091777296226,6665.274735532547
2025-09-15 23:00:00+00:00,23,0,0,shoulder,,,,,,,,,,,,,,,,,,,,,,NSW1,43.87474589658282,6832.498207620455
2025-09-15 23:30:00+00:00,23,0,0,shoulder,,,,,,,,,,,,,,,,,,,,,,NSW1,49.387331505732455,6186.8932119126985
2025-09-16 00:00:00+00:00,0,1,0,other,,,,,,,,,,,,,,,,,,,,,,NSW1,49.809132321706755,7413.804743691404
2025-09-16 00:30:00+00:00,0,1,0,other,,,,,,,,,,,,,,,,,,,,,,NSW1,55.41986655209127,6957.597507437528
2025-09-16 01:00:00+00:00,1,1,0,other,,,,,,,,,,,,,,,,,,,,,,NSW1,55.21218915246162,4252.457483273373
2025-09-16 01:30:00+00:00,1,1,0,other,,,,,,,,,,,,,,,,,,,,,,NSW1,57.255922159659676,4350.554507221179
2025-09-16 02:00:00+00:00,2,1,0,other,,,,,,,,,,,,,,,,,,,,,,NSW1,47.55559614737182,4323.673477336791
2025-09-16 02:30:00+00:00,2,1,0,other,,,,,,,,,,,,,,,,,,,,,,NSW1,52.511283253984054,4264.482336091232
2025-09-16 03:00:00+00:00,3,1,0,other,,,,,,,,,,,,,,,,,,,,,,NSW1,51.72364144761919,3837.5885590552316
2025-09-16 03:30:00+00:00,3,1,0,other,,,,,,,,,,,,,,,,,,,,,,NSW1,50.12336398046817,3979.255457135447
2025-09-16 04:00:00+00:00,4,1,0,other,,,,,,,,,,,,,,,,,,,,,,NSW1,42.014268390283405,4265.878067748099
2025-09-16 04:30:00+00:00,4,1,0,other,,,,,,,,,,,,,,,,,,,,,,NSW1,57.53096378445443,4140.650030610526
2025-09-16 05:00:00+00:00,5,1,0,other,,,,,,,,,,,,,,,,,,,,,,NSW1,52.58100068527312,4364.477626567284
2025-09-16 05:30:00+00:00,5,1,0,other,,,,,,,,,,,,,,,,,,,,,,NSW1,43.75901608886556,3971.4440708093507
2025-09-16 06:00:00+00:00,6,1,0,shoulder,,,,,,,,,,,,,,,,,,,,,,NSW1,62.33266604716528,7323.989934262356
2025-09-16 06:30:00+00:00,6,1,0,shoulder,,,,,,,,,,,,,,,,,,,,,,NSW1,41.35520195468927,6691.205752660655
2025-09-16 07:00:00+00:00,7,1,0,peak,,,,,,,,,,,,,,,,,,,,,,NSW1,63.78688029230875,9120.912639344237
2025-09-16 07:30:00+00:00,7,1,0,peak,,,,,,,,,,,,,,,,,,,,,,NSW1,72.99878039113298,8872.998524066063
2025-09-16 08:00:00+00:00,8,1,0,peak,,,,,,,,,,,,,,,,,,,,,,NSW1,71.41725845302474,9172.110106683307
2025-09-16 08:30:00+00:00,8,1,0,peak,,,,,,,,,,,,,,,,,,,,,,NSW1,64.08606965455438,8997.42360508205
2025-09-16 09:00:00+00:00,9,1,0,peak,,,,,,,,,,,,,,,,,,,,,,NSW1,69.13984682466842,8843.212602232159
2025-09-16 09:30:00+00:00,9,1,0,peak,,,,,,,,,,,,,,,,,,,,,,NSW1,68.12651071357432,9309.151535377632
2025-09-16 10:00:00+00:00,10,1,0,other,,,,,,,,,,,,,,,,,,,,,,NSW1,52.888659769666546,7054.904181122906
2025-09-16 10:30:00+00:00,10,1,0,other,,,,,,,,,,,,,,,,,,,,,,NSW1,49.37198732678411,7050.764630095753
2025-09-16 11:00:00+00:00,11,1,0,other,,,,,,,,,,,,,,,,,,,,,,NSW1,54.681986410457796,6802.413150051836
2025-09-16 11:30:00+00:00,11,1,0,other,,,,,,,,,,,,,,,,,,,,,,NSW1,54.89685002355915,7123.848020719899
2025-09-16 12:00:00+00:00,12,1,0,other,,,,,,,,,,,,,,,,,,,,,,NSW1,46.91886528485049,7432.622143681658
2025-09-16 12:30:00+00:00,12,1,0,other,,,,,,,,,,,,,,,,,,,,,,NSW1,48.526433272140125,6947.640881975582
2025-09-16 13:00:00+00:00,13,1,0,other,,,,,,,,,,,,,,,,,,,,,,NSW1,55.197229328749216,7215.054588129143
2025-09-16 13:30:00+00:00,13,1,0,other,,,,,,,,,,,,,,,,,,,,,,NSW1,46.142110842383026,6957.716675059935
2025-09-16 14:00:00+00:00,14,1,0,other,,,,,,,,,,,,,,,,,,,,,,NSW1,45.01027467170937,6857.738117221164
2025-09-16 14:30:00+00:00,14,1,0,other,,,,,,,,,,,,,,,,,,,,,,NSW1,57.89657979563665,7392.340268727419
2025-09-16 15:00:00+00:00,15,1,0,other,,,,,,,,,,,,,,,,,,,,,,NSW1,48.6130429244873,6722.785056471023
2025-09-16 15:30:00+00:00,15,1,0,other,,,,,,,,,,,,,,,,,,,,,,NSW1,57.50488719230336,7363.207280512287
2025-09-16 16:00:00+00:00,16,1,0,other,,,,,,,,,,,,,,,,,,,,,,NSW1,50.01535195162836,6594.1602686080805
2025-09-16 16:30:00+00:00,16,1,0,other,,,,,,,,,,,,,,,,,,,,,,NSW1,49.27536026830664,6707.256340077948
2025-09-16 17:00:00+00:00,17,1,0,peak,,,,,,,,,,,,,,,,,,,,,,NSW1,77.53721945275274,8365.94950308623
2025-09-16 17:30:00+00:00,17,1,0,peak,,,,,,,,,,,,,,,,,,,,,,NSW1,71.72169617997781,8507.080017791823
2025-09-16 18:00:00+00:00,18,1,0,peak,,,,,,,,,,,,,,,,,,,,,,NSW1,73.39716165591118,9325.394979727114
2025-09-16 18:30:00+00:00,18,1,0,peak,,,,,,,,,,,,,,,,,,,,,,NSW1,60.96849431682212,8581.554420960441
2025-09-16 19:00:00+00:00,19,1,0,peak,,,,,,,,,,,,,,,,,,,,,,NSW1,73.37917675514129,9238.722993350442
2025-09-16 19:30:00+00:00,19,1,0,peak,,,,,,,,,,,,,,,,,,,,,,NSW1,74.14125487920813,8672.279143466178
2025-09-16 20:00:00+00:00,20,1,0,peak,,,,,,,,,,,,,,,,,,,,,,NSW1,76.03484506333658,10189.242357912004
2025-09-16 20:30:00+00:00,20,1,0,peak,,,,,,,,,,,,,,,,,,,,,,NSW1,77.42733131768698,8855.8084893815
2025-09-16 21:00:00+00:00,21,1,0,peak,,,,,,,,,,,,,,,,,,,,,,NSW1,66.82252352057772,8989.974498551424
2025-09-16 21:30:00+00:00,21,1,0,peak,,,,,,,,,,,,,,,,,,,,,,NSW1,57.649205944189696,8908.301970320523
2025-09-16 22:00:00+00:00,22,1,0,shoulder,,,,,,,,,,,,,,,,,,,,,,NSW1,46.29801999087193,6868.625075439567
2025-09-16 22:30:00+00:00,22,1,0,shoulder,,,,,,,,,,,,,,,,,,,,,,NSW1,46.24562683740919,6395.39993691221
2025-09-16 23:00:00+00:00,23,1,0,shoulder,,,,,,,,,,,,,,,,,,,,,,NSW1,42.0327544409064,6638.339107485156
2025-09-16 23:30:00+00:00,23,1,0,shoulder,,,,,,,,,,,,,,,,,,,,,,NSW1,50.68481949460006,7412.976130751293
2025-09-17 00:00:00+00:00,0,2,0,other,,,,,,,,,,,,,,,,,,,,,,NSW1,55.46682768361355,7039.444753485718
2025-09-17 00:30:00+00:00,0,2,0,other,,,,,,,,,,,,,,,,,,,,,,NSW1,55.370081721827916,7339.475710744444
2025-09-17 01:00:00+00:00,1,2,0,other,,,,,,,,,,,,,,,,,,,,,,NSW1,49.958176116915226,4028.3658477741265
2025-09-17 01:30:00+00:00,1,2,0,other,,,,,,,,,,,,,,,,,,,,,,NSW1,59.55954121638241,4171.040888240652
2025-09-17 02:00:00+00:00,2,2,0,other,,,,,,,,,,,,,,,,,,,,,,NSW1,51.19583895933006,4076.2828174141728
2025-09-17 02:30:00+00:00,2,2,0,other,,,,,,,,,,,,,,,,,,,,,,NSW1,49.74891610789198,4199.860775112556
2025-09-17 03:00:00+00:00,3,2,0,other,,,,,,,,,,,,,,,,,,,,,,NSW1,52.93769612205187,4527.812598911683
2025-09-17 03:30:00+00:00,3,2,0,other,,,,,,,,,,,,,,,,,,,,,,NSW1,52.51681338836346,4059.4962817542387
2025-09-17 04:00:00+00:00,4,2,0,other,,,,,,,,,,,,,,,,,,,,,,NSW1,51.36392872574006,4684.593795659841
2025-09-17 04:30:00+00:00,4,2,0,other,,,,,,,,,,,,,,,,,,,,,,NSW1,48.94068596890793,4068.46546809531
2025-09-17 05:00:00+00:00,5,2,0,other,,,,,,,,,,,,,,,,,,,,,,NSW1,53.183147320823366,4400.807217330941
2025-09-17 05:30:00+00:00,5,2,0,other,,,,,,,,,,,,,,,,,,,,,,NSW1,47.90556702583476,4612.005337391133
2025-09-17 06:00:00+00:00,6,2,0,shoulder,,,,,,,,,,,,,,,,,,,,,,NSW1,45.597209690270674,7493.607811470056
2025-09-17 06:30:00+00:00,6,2,0,shoulder,,,,,,,,,,,,,,,,,,,,,,NSW1,46.8953534229855,7111.792197836325
2025-09-17 07:00:00+00:00,7,2,0,peak,,,,,,,,,,,,,,,,,,,,,,NSW1,68.42818565591082,9822.445640360675
2025-09-17 07:30:00+00:00,7,2,0,peak,,,,,,,,,,,,,,,,,,,,,,NSW1,62.15467632406878,9147.829214000354
2025-09-17 08:00:00+00:00,8,2,0,peak,,,,,,,,,,,,,,,,,,,,,,NSW1,70.75436681482687,8929.500206427572
2025-09-17 08:30:00+00:00,8,2,0,peak,,,,,,,,,,,,,,,,,,,,,,NSW1,57.14027079902038,10069.346662266582
2025-09-17 09:00:00+00:00,9,2,0,peak,,,,,,,,,,,,,,,,,,,,,,NSW1,65.91888851503097,8606.13458757097
2025-09-17 09:30:00+00:00,9,2,0,peak,,,,,,,,,,,,,,,,,,,,,,NSW1,75.70156165719582,8739.455961782889
2025-09-17 10:00:00+00:00,10,2,0,other,,,,,,,,,,,,,,,,,,,,,,NSW1,51.67021915464566,7146.116188376495
2025-09-17 10:30:00+00:00,10,2,0,other,,,,,,,,,,,,,,,,,,,,,,NSW1,47.31555275392719,7126.1429827848615
2025-09-17 11:00:00+00:00,11,2,0,other,,,,,,,,,,,,,,,,,,,,,,NSW1,51.85653303397974,6200.774299250937
2025-09-17 11:30:00+00:00,11,2,0,other,,,,,,,,,,,,,,,,,,,,,,NSW1,50.45041751440118,6797.617404054453
2025-09-17 12:00:00+00:00,12,2,0,other,,,,,,,,,,,,,,,,,,,,,,NSW1,60.951577076014516,6618.743147060878
2025-09-17 12:30:00+00:00,12,2,0,other,,,,,,,,,,,,,,,,,,,,,,NSW1,51.87945766935859,7038.253934576373
2025-09-17 13:00:00+00:00,13,2,0,other,,,,,,,,,,,,,,,,,,,,,,NSW1,59.90012657758147,7439.8246129229
2025-09-17 13:30:00+00:00,13,2,0,other,,,,,,,,,,,,,,,,,,,,,,NSW1,52.21642536694658,6941.23642881532
2025-09-17 14:00:00+00:00,14,2,0,other,,,,,,,,,,,,,,,,,,,,,,NSW1,48.04925471879456,7229.237533737224
2025-09-17 14:30:00+00:00,14,2,0,other,,,,,,,,,,,,,,,,,,,,,,NSW1,55.19222684056783,7343.952779714781
2025-09-17 15:00:00+00:00,15,2,0,other,,,,,,,,,,,,,,,,,,,,,,NSW1,44.57206942423478,6650.995241387153
2025-09-17 15:30:00+00:00,15,2,0,other,,,,,,,,,,,,,,,,,,,,,,NSW1,48.125034977556716,6872.975740557459
2025-09-17 16:00:00+00:00,16,2,0,other,,,,,,,,,,,,,,,,,,,,,,NSW1,57.326424267034135,6981.08421965213
2025-09-17 16:30:00+00:00,16,2,0,other,,,,,,,,,,,,,,,,,,,,,,NSW1,52.39369377896044,7259.666134008573
2025-09-17 17:00:00+00:00,17,2,0,peak,,,,,,,,,,,,,,,,,,,,,,NSW1,71.34250331287865,9188.71068164512
2025-09-17 17:30:00+00:00,17,2,0,peak,,,,,,,,,,,,,,,,,,,,,,NSW1,61.0199106989819,9118.083948287465
2025-09-17 18:00:00+00:00,18,2,0,peak,,,,,,,,,,,,,,,,,,,,,,NSW1,51.86387446807982,9414.028257563645
2025-09-17 18:30:00+00:00,18,2,0,peak,,,,,,,,,,,,,,,,,,,,,,NSW1,71.75511034953135,9423.051382059637
2025-09-17 19:00:00+00:00,19,2,0,peak,,,,,,,,,,,,,,,,,,,,,,NSW1,86.79204367168428,10272.88768740636
2025-09-17 19:30:00+00:00,19,2,0,peak,,,,,,,,,,,,,,,,,,,,,,NSW1,71.44311496905817,7913.269493641733
2025-09-17 20:00:00+00:00,20,2,0,peak,,,,,,,,,,,,,,,,,,,,,,NSW1,61.58750802659621,9378.839975682538
2025-09-17 20:30:00+00:00,20,2,0,peak,,,,,,,,,,,,,,,,,,,,,,NSW1,60.18598179450435,8924.918108893831
2025-09-17 21:00:00+00:00,21,2,0,peak,,,,,,,,,,,,,,,,,,,,,,NSW1,69.31993424986887,9146.392450757608
2025-09-17 21:30:00+00:00,21,2,0,peak,,,,,,,,,,,,,,,,,,,,,,NSW1,62.09989919986435,9932.295163373621
2025-09-17 22:00:00+00:00,22,2,0,shoulder,,,,,,,,,,,,,,,,,,,,,,NSW1,56.85074730737831,6640.719390170222
2025-09-17 22:30:00+00:00,22,2,0,shoulder,,,,,,,,,,,,,,,,,,,,,,NSW1,50.189063167395375,6591.921741106752
2025-09-17 23:00:00+00:00,23,2,0,shoulder,,,,,,,,,,,,,,,,,,,,,,NSW1,58.492424172449255,7334.017048989347
2025-09-17 23:30:00+00:00,23,2,0,shoulder,,,,,,,,,,,,,,,,,,,,,,NSW1,54.58818938753724,7528.487026920446
2025-09-18 00:00:00+00:00,0,3,0,other,,,,,,,,,,,,,,,,,,,,,,NSW1,37.42071434239159,6940.023739004436
2025-09-11 00:30:00+00:00,0,3,0,other,,,,,,,,,,,,,,,,,,,,,,VIC1,55.06435524517149,6939.175851652168
2025-09-11 01:00:00+00:00,1,3,0,other,,,,,,,,,,,,,,,,,,,,,,VIC1,60.25773959348785,4005.7372976515335
2025-09-11 01:30:00+00:00,1,3,0,other,,,,,,,,,,,,,,,,,,,,,,VIC1,44.15620497132468,4273.712359084492
2025-09-11 02:00:00+00:00,2,3,0,other,,,,,,,,,,,,,,,,,,,,,,VIC1,51.53461092578422,4205.662769608889
2025-09-11 02:30:00+00:00,2,3,0,other,,,,,,,,,,,,,,,,,,,,,,VIC1,48.04702480314508,4492.589304042776
2025-09-11 03:00:00+00:00,3,3,0,other,,,,,,,,,,,,,,,,,,,,,,VIC1,49.03245633390922,4224.922153411226
2025-09-11 03:30:00+00:00,3,3,0,other,,,,,,,,,,,,,,,,,,,,,,VIC1,57.38243752423091,4043.941765170695
2025-09-11 04:00:00+00:00,4,3,0,other,,,,,,,,,,,,,,,,,,,,,,VIC1,55.613577747367174,4388.282264079414
2025-09-11 04:30:00+00:00,4,3,0,other,,,,,,,,,,,,,,,,,,,,,,VIC1,50.38909516780017,4123.29601281413
2025-09-11 05:00:00+00:00,5,3,0,other,,,,,,,,,,,,,,,,,,,,,,VIC1,49.836093789253546,3795.6892663102935
2025-09-11 05:30:00+00:00,5,3,0,other,,,,,,,,,,,,,,,,,,,,,,VIC1,57.4060463748593,4420.260508481932
2025-09-11 06:00:00+00:00,6,3,0,shoulder,,,,,,,,,,,,,,,,,,,,,,VIC1,46.953529758849605,7516.497394142631
2025-09-11 06:30:00+00:00,6,3,0,shoulder,,,,,,,,,,,,,,,,,,,,,,VIC1,46.462356901431825,6238.81609281506
2025-09-11 07:00:00+00:00,7,3,0,peak,,,,,,,,,,,,,,,,,,,,,,VIC1,70.28088838277725,9238.78581150252
2025-09-11 07:30:00+00:00,7,3,0,peak,,,,,,,,,,,,,,,,,,,,,,VIC1,72.23448929840555,9034.945109611459
2025-09-11 08:00:00+00:00,8,3,0,peak,,,,,,,,,,,,,,,,,,,,,,VIC1,61.19531125592939,9102.994863968182
2025-09-11 08:30:00+00:00,8,3,0,peak,,,,,,,,,,,,,,,,,,,,,,VIC1,72.66257372177941,9275.453269716627
2025-09-11 09:00:00+00:00,9,3,0,peak,,,,,,,,,,,,,,,,,,,,,,VIC1,74.04811383652654,9486.463963343647
2025-09-11 09:30:00+00:00,9,3,0,peak,,,,,,,,,,,,,,,,,,,,,,VIC1,68.31076155612931,9450.927299081535
2025-09-11 10:00:00+00:00,10,3,0,other,,,,,,,,,,,,,,,,,,,,,,VIC1,52.53581571354338,7084.448759200238
2025-09-11 10:30:00+00:00,10,3,0,other,,,,,,,,,,,,,,,,,,,,,,VIC1,51.1464222215898,7768.607462890098
2025-09-11 11:00:00+00:00,11,3,0,other,,,,,,,,,,,,,,,,,,,,,,VIC1,58.7874491365943,7165.919010939982
2025-09-11 11:30:00+00:00,11,3,0,other,,,,,,,,,,,,,,,,,,,,,,VIC1,48.908314394946764,7339.950797008131
2025-09-11 12:00:00+00:00,12,3,0,other,,,,,,,,,,,,,,,,,,,,,,VIC1,47.10997550299324,6640.087321697412
2025-09-11 12:30:00+00:00,12,3,0,other,,,,,,,,,,,,,,,,,,,,,,VIC1,38.481802039435344,6427.696436327139
2025-09-11 13:00:00+00:00,13,3,0,other,,,,,,,,,,,,,,,,,,,,,,VIC1,52.69957956603237,7370.4835828310615
2025-09-11 13:30:00+00:00,13,3,0,other,,,,,,,,,,,,,,,,,,,,,,VIC1,44.84292425358223,6459.114812184661
2025-09-11 14:00:00+00:00,14,3,0,other,,,,,,,,,,,,,,,,,,,,,,VIC1,49.32768040593045,7131.155332210371
2025-09-11 14:30:00+00:00,14,3,0,other,,,,,,,,,,,,,,,,,,,,,,VIC1,56.29672742439112,7048.0002624464605
2025-09-11 15:00:00+00:00,15,3,0,other,,,,,,,,,,,,,,,,,,,,,,VIC1,45.211949872289054,6892.330935335884
2025-09-11 15:30:00+00:00,15,3,0,other,,,,,,,,,,,,,,,,,,,,,,VIC1,56.866094396114185,7319.05219143436
2025-09-11 16:00:00+00:00,16,3,0,other,,,,,,,,,,,,,,,,,,,,,,VIC1,45.632476136940156,6869.349845410097
2025-09-11 16:30:00+00:00,16,3,0,other,,,,,,,,,,,,,,,,,,,,,,VIC1,54.18414542034144,7552.462096303033
2025-09-11 17:00:00+00:00,17,3,0,peak,,,,,,,,,,,,,,,,,,,,,,VIC1,67.45111884204464,8676.496913596982
2025-09-11 17:30:00+00:00,17,3,0,peak,,,,,,,,,,,,,,,,,,,,,,VIC1,66.25471095775062,8751.046916236197
2025-09-11 18:00:00+00:00,18,3,0,peak,,,,,,,,,,,,,,,,,,,,,,VIC1,65.42511246261536,8643.972519250756
2025-09-11 18:30:00+00:00,18,3,0,peak,,,,,,,,,,,,,,,,,,,,,,VIC1,62.50716949295728,9211.355577447099
2025-09-11 19:00:00+00:00,19,3,0,peak,,,,,,,,,,,,,,,,,,,,,,VIC1,77.17682317918035,9040.02278537999
2025-09-11 19:30:00+00:00,19,3,0,peak,,,,,,,,,,,,,,,,,,,,,,VIC1,59.30154956314985,9403.617007586903
2025-09-11 20:00:00+00:00,20,3,0,peak,,,,,,,,,,,,,,,,,,,,,,VIC1,69.90558359484471,7983.833025157529
2025-09-11 20:30:00+00:00,20,3,0,peak,,,,,,,,,,,,,,,,,,,,,,VIC1,67.92667546014057,8787.92122956604
2025-09-11 21:00:00+00:00,21,3,0,peak,,,,,,,,,,,,,,,,,,,,,,VIC1,63.09059526608215,8900.843645788447
2025-09-11 21:30:00+00:00,21,3,0,peak,,,,,,,,,,,,,,,,,,,,,,VIC1,76.59150937282719,9095.069928169589
2025-09-11 22:00:00+00:00,22,3,0,shoulder,,,,,,,,,,,,,,,,,,,,,,VIC1,47.28445130048621,7782.350277662159
2025-09-11 22:30:00+00:00,22,3,0,shoulder,,,,,,,,,,,,,,,,,,,,,,VIC1,45.62246376253908,7127.9545294473855
2025-09-11 23:00:00+00:00,23,3,0,shoulder,,,,,,,,,,,,,,,,,,,,,,VIC1,51.57989486208715,6893.150108069435
2025-09-11 23:30:00+00:00,23,3,0,shoulder,,,,,,,,,,,,,,,,,,,,,,VIC1,44.38805254669136,6875.972508013699
2025-09-12 00:00:00+00:00,0,4,0,other,,,,,,,,,,,,,,,,,,,,,,VIC1,50.50032670866577,7323.349897643617
2025-09-12 00:30:00+00:00,0,4,0,other,,,,,,,,,,,,,,,,,,,,,,VIC1,51.74246990292032,6810.430294290214
2025-09-12 01:00:00+00:00,1,4,0,other,,,,,,,,,,,,,,,,,,,,,,VIC1,50.159641802684504,4235.877019898139
2025-09-12 01:30:00+00:00,1,4,0,other,,,,,,,,,,,,,,,,,,,,,,VIC1,53.1039874755499,4464.0655100252625
2025-09-12 02:00:00+00:00,2,4,0,other,,,,,,,,,,,,,,,,,,,,,,VIC1,57.236557128737644,4271.921624891384
2025-09-12 02:30:00+00:00,2,4,0,other,,,,,,,,,,,,,,,,,,,,,,VIC1,50.95429896008453,3854.292278076632
2025-09-12 03:00:00+00:00,3,4,0,other,,,,,,,,,,,,,,,,,,,,,,VIC1,56.70919429102372,4565.155208536897
2025-09-12 03:30:00+00:00,3,4,0,other,,,,,,,,,,,,,,,,,,,,,,VIC1,52.00405445751267,4376.222182891267
2025-09-12 04:00:00+00:00,4,4,0,other,,,,,,,,,,,,,,,,,,,,,,VIC1,51.33098945270466,4408.54986557674
2025-09-12 04:30:00+00:00,4,4,0,other,,,,,,,,,,,,,,,,,,,,,,VIC1,51.958117351511035,4247.826886015248
2025-09-12 05:00:00+00:00,5,4,0,other,,,,,,,,,,,,,,,,,,,,,,VIC1,52.64454525099814,4122.982381256491
2025-09-12 05:30:00+00:00,5,4,0,other,,,,,,,,,,,,,,,,,,,,,,VIC1,53.64301373765726,3782.193212926023
2025-09-12 06:00:00+00:00,6,4,0,shoulder,,,,,,,,,,,,,,,,,,,,,,VIC1,54.27720140647505,6649.386674461326
2025-09-12 06:30:00+00:00,6,4,0,shoulder,,,,,,,,,,,,,,,,,,,,,,VIC1,52.531885334627106,6975.165999459132
2025-09-12 07:00:00+00:00,7,4,0,peak,,,,,,,,,,,,,,,,,,,,,,VIC1,71.94373423717352,9105.4955538589
2025-09-12 07:30:00+00:00,7,4,0,peak,,,,,,,,,,,,,,,,,,,,,,VIC1,75.48012884784806,9036.79368256332
2025-09-12 08:00:00+00:00,8,4,0,peak,,,,,,,,,,,,,,,,,,,,,,VIC1,66.22563344910284,9563.233226461209
2025-09-12 08:30:00+00:00,8,4,0,peak,,,,,,,,,,,,,,,,,,,,,,VIC1,74.83716603961561,10050.270401326632
2025-09-12 09:00:00+00:00,9,4,0,peak,,,,,,,,,,,,,,,,,,,,,,VIC1,71.94350112310694,9154.159335595325
2025-09-12 09:30:00+00:00,9,4,0,peak,,,,,,,,,,,,,,,,,,,,,,VIC1,71.0276318567137,7545.682377141556
2025-09-12 10:00:00+00:00,10,4,0,other,,,,,,,,,,,,,,,,,,,,,,VIC1,47.53454507018208,6555.510650581327
2025-09-12 10:30:00+00:00,10,4,0,other,,,,,,,,,,,,,,,,,,,,,,VIC1,50.19239933940894,6867.973837873895
2025-09-12 11:00:00+00:00,11,4,0,other,,,,,,,,,,,,,,,,,,,,,,VIC1,50.65922012562444,6953.8504071658535
2025-09-12 11:30:00+00:00,11,4,0,other,,,,,,,,,,,,,,,,,,,,,,VIC1,54.159168359182566,6900.743369223618
2025-09-12 12:00:00+00:00,12,4,0,other,,,,,,,,,,,,,,,,,,,,,,VIC1,47.92629048190267,6488.003086892135
2025-09-12 12:30:00+00:00,12,4,0,other,,,,,,,,,,,,,,,,,,,,,,VIC1,40.358670477641,7415.120530080772
2025-09-12 13:00:00+00:00,13,4,0,other,,,,,,,,,,,,,,,,,,,,,,VIC1,46.97286193688458,7000.652251852855
2025-09-12 13:30:00+00:00,13,4,0,other,,,,,,,,,,,,,,,,,,,,,,VIC1,49.285970598906324,6785.938863576825
2025-09-12 14:00:00+00:00,14,4,0,other,,,,,,,,,,,,,,,,,,,,,,VIC1,48.04472003296723,7142.690603057455
2025-09-12 14:30:00+00:00,14,4,0,other,,,,,,,,,,,,,,,,,,,,,,VIC1,52.62398516070831,6552.238358149852
2025-09-12 15:00:00+00:00,15,4,0,other,,,,,,,,,,,,,,,,,,,,,,VIC1,49.69319892631835,7023.972925113766
2025-09-12 15:30:00+00:00,15,4,0,other,,,,,,,,,,,,,,,,,,,,,,VIC1,45.45188608321909,7481.429139881821
2025-09-12 16:00:00+00:00,16,4,0,other,,,,,,,,,,,,,,,,,,,,,,VIC1,58.502215531396985,7152.028646636061
2025-09-12 16:30:00+00:00,16,4,0,other,,,,,,,,,,,,,,,,,,,,,,VIC1,58.21678079737984,7292.251493147298
2025-09-12 17:00:00+00:00,17,4,0,peak,,,,,,,,,,,,,,,,,,,,,,VIC1,58.91345847736809,9256.409179716531
2025-09-12 17:30:00+00:00,17,4,0,peak,,,,,,,,,,,,,,,,,,,,,,VIC1,82.4431551684906,8811.934071827749
2025-09-12 18:00:00+00:00,18,4,0,peak,,,,,,,,,,,,,,,,,,,,,,VIC1,79.37122631463318,9844.744853875802
2025-09-12 18:30:00+00:00,18,4,0,peak,,,,,,,,,,,,,,,,,,,,,,VIC1,60.85746708011238,9602.565488012433
2025-09-12 19:00:00+00:00,19,4,0,peak,,,,,,,,,,,,,,,,,,,,,,VIC1,68.51489555120631,9023.276075024994
2025-09-12 19:30:00+00:00,19,4,0,peak,,,,,,,,,,,,,,,,,,,,,,VIC1,71.47309564394975,9562.547723632477
2025-09-12 20:00:00+00:00,20,4,0,peak,,,,,,,,,,,,,,,,,,,,,,VIC1,57.22691675952028,8992.914228082454
2025-09-12 20:30:00+00:00,20,4,0,peak,,,,,,,,,,,,,,,,,,,,,,VIC1,72.19263941110759,8828.660397888267
2025-09-12 21:00:00+00:00,21,4,0,peak,,,,,,,,,,,,,,,,,,,,,,VIC1,66.02868981018477,9415.05790382834
2025-09-12 21:30:00+00:00,21,4,0,peak,,,,,,,,,,,,,,,,,,,,,,VIC1,69.79715355695744,8781.135153066843
2025-09-12 22:00:00+00:00,22,4,0,shoulder,,,,,,,,,,,,,,,,,,,,,,VIC1,58.04647214457831,6954.656472524572
2025-09-12 22:30:00+00:00,22,4,0,shoulder,,,,,,,,,,,,,,,,,,,,,,VIC1,58.02162885561628,7093.344706033185
2025-09-12 23:00:00+00:00,23,4,0,shoulder,,,,,,,,,,,,,,,,,,,,,,VIC1,46.45950580482552,6441.481358816808
2025-09-12 23:30:00+00:00,23,4,0,shoulder,,,,,,,,,,,,,,,,,,,,,,VIC1,45.47824911642857,6716.937609050621
2025-09-13 00:00:00+00:00,0,5,1,other,,,,,,,,,,,,,,,,,,,,,,VIC1,38.76006524160049,5610.515438349073
2025-09-13 00:30:00+00:00,0,5,1,other,,,,,,,,,,,,,,,,,,,,,,VIC1,48.250676812763714,5875.661605006868
2025-09-13 01:00:00+00:00,1,5,1,other,,,,,,,,,,,,,,,,,,,,,,VIC1,31.263960365202017,3663.79143200999
2025-09-13 01:30:00+00:00,1,5,1,other,,,,,,,,,,,,,,,,,,,,,,VIC1,41.21891710540743,3449.0866449309897
2025-09-13 02:00:00+00:00,2,5,1,other,,,,,,,,,,,,,,,,,,,,,,VIC1,40.167766977094324,3539.441615102008
2025-09-13 02:30:00+00:00,2,5,1,other,,,,,,,,,,,,,,,,,,,,,,VIC1,41.621101064758115,3198.7159866838797
2025-09-13 03:00:00+00:00,3,5,1,other,,,,,,,,,,,,,,,,,,,,,,VIC1,32.43424767756304,3588.5389860115724
2025-09-13 03:30:00+00:00,3,5,1,other,,,,,,,,,,,,,,,,,,,,,,VIC1,41.10581419393044,3873.20064357443
2025-09-13 04:00:00+00:00,4,5,1,other,,,,,,,,,,,,,,,,,,,,,,VIC1,40.02480270426944,3728.729389062191
2025-09-13 04:30:00+00:00,4,5,1,other,,,,,,,,,,,,,,,,,,,,,,VIC1,43.1635699613264,3650.7416302161723
2025-09-13 05:00:00+00:00,5,5,1,other,,,,,,,,,,,,,,,,,,,,,,VIC1,44.403798245573604,3651.2660629775846
2025-09-13 05:30:00+00:00,5,5,1,other,,,,,,,,,,,,,,,,,,,,,,VIC1,38.050081482567116,3634.333155177326
2025-09-13 06:00:00+00:00,6,5,1,shoulder,,,,,,,,,,,,,,,,,,,,,,VIC1,41.87769784821795,5593.05921419917
2025-09-13 06:30:00+00:00,6,5,1,shoulder,,,,,,,,,,,,,,,,,,,,,,VIC1,44.548887131566836,6163.603171807063
2025-09-13 07:00:00+00:00,7,5,1,peak,,,,,,,,,,,,,,,,,,,,,,VIC1,61.27584295725508,7850.770681754574
2025-09-13 07:30:00+00:00,7,5,1,peak,,,,,,,,,,,,,,,,,,,,,,VIC1,59.693250854833664,7776.680697541054
2025-09-13 08:00:00+00:00,8,5,1,peak,,,,,,,,,,,,,,,,,,,,,,VIC1,59.367033786769326,7211.278227686121
2025-09-13 08:30:00+00:00,8,5,1,peak,,,,,,,,,,,,,,,,,,,,,,VIC1,61.994160112827,7810.54576043669
2025-09-13 09:00:00+00:00,9,5,1,peak,,,,,,,,,,,,,,,,,,,,,,VIC1,52.43691129777493,8326.76184211654
2025-09-13 09:30:00+00:00,9,5,1,peak,,,,,,,,,,,,,,,,,,,,,,VIC1,54.84511654395991,8300.593011080618
2025-09-13 10:00:00+00:00,10,5,1,other,,,,,,,,,,,,,,,,,,,,,,VIC1,41.06940632631574,5769.179062850131
2025-09-13 10:30:00+00:00,10,5,1,other,,,,,,,,,,,,,,,,,,,,,,VIC1,39.197414513950434,5512.797764278614
2025-09-13 11:00:00+00:00,11,5,1,other,,,,,,,,,,,,,,,,,,,,,,VIC1,40.5187425117696,5227.908978233584
2025-09-13 11:30:00+00:00,11,5,1,other,,,,,,,,,,,,,,,,,,,,,,VIC1,37.856700335556226,6066.156973914121
2025-09-13 12:00:00+00:00,12,5,1,other,,,,,,,,,,,,,,,,,,,,,,VIC1,46.28777989301665,6044.109142752272
2025-09-13 12:30:00+00:00,12,5,1,other,,,,,,,,,,,,,,,,,,,,,,VIC1,38.35068814125344,6080.781725554275
2025-09-13 13:00:00+00:00,13,5,1,other,,,,,,,,,,,,,,,,,,,,,,VIC1,39.776698193865705,6344.809144797687
2025-09-13 13:30:00+00:00,13,5,1,other,,,,,,,,,,,,,,,,,,,,,,VIC1,35.56143332317226,6450.867799395951
2025-09-13 14:00:00+00:00,14,5,1,other,,,,,,,,,,,,,,,,,,,,,,VIC1,41.618435074854936,5880.492120271909
2025-09-13 14:30:00+00:00,14,5,1,other,,,,,,,,,,,,,,,,,,,,,,VIC1,39.35885607380153,5712.14565312296
2025-09-13 15:00:00+00:00,15,5,1,other,,,,,,,,,,,,,,,,,,,,,,VIC1,43.62009621873467,5819.233866440067
2025-09-13 15:30:00+00:00,15,5,1,other,,,,,,,,,,,,,,,,,,,,,,VIC1,35.56989035373399,5483.842745414407
2025-09-13 16:00:00+00:00,16,5,1,other,,,,,,,,,,,,,,,,,,,,,,VIC1,42.164377861786384,5603.181890490464
2025-09-13 16:30:00+00:00,16,5,1,other,,,,,,,,,,,,,,,,,,,,,,VIC1,46.502951927085874,6283.66088219844
2025-09-13 17:00:00+00:00,17,5,1,peak,,,,,,,,,,,,,,,,,,,,,,VIC1,66.50538549810423,8391.388684187397
2025-09-13 17:30:00+00:00,17,5,1,peak,,,,,,,,,,,,,,,,,,,,,,VIC1,59.39291283339131,8306.210658042615
2025-09-13 18:00:00+00:00,18,5,1,peak,,,,,,,,,,,,,,,,,,,,,,VIC1,54.278819657734864,8344.877610803467
2025-09-13 18:30:00+00:00,18,5,1,peak,,,,,,,,,,,,,,,,,,,,,,VIC1,55.81852750674927,8117.94804411651
2025-09-13 19:00:00+00:00,19,5,1,peak,,,,,,,,,,,,,,,,,,,,,,VIC1,57.026785842211446,7988.419362014578
2025-09-13 19:30:00+00:00,19,5,1,peak,,,,,,,,,,,,,,,,,,,,,,VIC1,62.255326117738356,7234.043402096523
2025-09-13 20:00:00+00:00,20,5,1,peak,,,,,,,,,,,,,,,,,,,,,,VIC1,59.1525183773243,7777.485041806843
2025-09-13 20:30:00+00:00,20,5,1,peak,,,,,,,,,,,,,,,,,,,,,,VIC1,57.30839393109409,7806.330858430526
2025-09-13 21:00:00+00:00,21,5,1,peak,,,,,,,,,,,,,,,,,,,,,,VIC1,58.60123715563293,7979.677759814496
2025-09-13 21:30:00+00:00,21,5,1,peak,,,,,,,,,,,,,,,,,,,,,,VIC1,48.70667023879723,8114.1273571876045
2025-09-13 22:00:00+00:00,22,5,1,shoulder,,,,,,,,,,,,,,,,,,,,,,VIC1,42.60190071550891,5736.096135472826
2025-09-13 22:30:00+00:00,22,5,1,shoulder,,,,,,,,,,,,,,,,,,,,,,VIC1,41.53427540219347,5537.698287655704
2025-09-13 23:00:00+00:00,23,5,1,shoulder,,,,,,,,,,,,,,,,,,,,,,VIC1,43.006811805082734,6444.538842095913
2025-09-13 23:30:00+00:00,23,5,1,shoulder,,,,,,,,,,,,,,,,,,,,,,VIC1,36.18756164929938,5813.887369018859
2025-09-14 00:00:00+00:00,0,6,1,other,,,,,,,,,,,,,,,,,,,,,,VIC1,43.35686539590473,6232.503316211251
2025-09-14 00:30:00+00:00,0,6,1,other,,,,,,,,,,,,,,,,,,,,,,VIC1,44.55767566978964,6095.957272671677
2025-09-14 01:00:00+00:00,1,6,1,other,,,,,,,,,,,,,,,,,,,,,,VIC1,44.03597138025014,3739.833982756805
2025-09-14 01:30:00+00:00,1,6,1,other,,,,,,,,,,,,,,,,,,,,,,VIC1,37.61339041111695,3289.3438485246566
2025-09-14 02:00:00+00:00,2,6,1,other,,,,,,,,,,,,,,,,,,,,,,VIC1,42.86452903240886,3741.1915665533397
2025-09-14 02:30:00+00:00,2,6,1,other,,,,,,,,,,,,,,,,,,,,,,VIC1,35.95323720088315,3457.0956561982507
2025-09-14 03:00:00+00:00,3,6,1,other,,,,,,,,,,,,,,,,,,,,,,VIC1,33.49982073570693,3314.1139830306556
2025-09-14 03:30:00+00:00,3,6,1,other,,,,,,,,,,,,,,,,,,,,,,VIC1,43.565474818802,3234.332051682084
2025-09-14 04:00:00+00:00,4,6,1,other,,,,,,,,,,,,,,,,,,,,,,VIC1,40.87489170772133,3350.1284097947796
2025-09-14 04:30:00+00:00,4,6,1,other,,,,,,,,,,,,,,,,,,,,,,VIC1,41.41177115892667,3334.146517504261
2025-09-14 05:00:00+00:00,5,6,1,other,,,,,,,,,,,,,,,,,,,,,,VIC1,34.05260175487872,3334.725631466907
2025-09-14 05:30:00+00:00,5,6,1,other,,,,,,,,,,,,,,,,,,,,,,VIC1,44.53438616285615,3611.664910094869
2025-09-14 06:00:00+00:00,6,6,1,shoulder,,,,,,,,,,,,,,,,,,,,,,VIC1,26.26211680507901,5961.335155827843
2025-09-14 06:30:00+00:00,6,6,1,shoulder,,,,,,,,,,,,,,,,,,,,,,VIC1,39.579622221287764,5733.497001325254
2025-09-14 07:00:00+00:00,7,6,1,peak,,,,,,,,,,,,,,,,,,,,,,VIC1,64.1326210491184,8273.502205926887
2025-09-14 07:30:00+00:00,7,6,1,peak,,,,,,,,,,,,,,,,,,,,,,VIC1,57.13176896667801,7702.960048657518
2025-09-14 08:00:00+00:00,8,6,1,peak,,,,,,,,,,,,,,,,,,,,,,VIC1,58.29989598693132,7583.569659901881
2025-09-14 08:30:00+00:00,8,6,1,peak,,,,,,,,,,,,,,,,,,,,,,VIC1,58.58075327738946,7140.369592098626
2025-09-14 09:00:00+00:00,9,6,1,peak,,,,,,,,,,,,,,,,,,,,,,VIC1,45.74876370750978,7034.716544054413
2025-09-14 09:30:00+00:00,9,6,1,peak,,,,,,,,,,,,,,,,,,,,,,VIC1,61.69574753023279,8077.807925266351
2025-09-14 10:00:00+00:00,10,6,1,other,,,,,,,,,,,,,,,,,,,,,,VIC1,36.06289202604823,5975.722247168831
2025-09-14 10:30:00+00:00,10,6,1,other,,,,,,,,,,,,,,,,,,,,,,VIC1,37.44267414165505,5726.84148740522
2025-09-14 11:00:00+00:00,11,6,1,other,,,,,,,,,,,,,,,,,,,,,,VIC1,44.15882288878174,5700.109632125729
2025-09-14 11:30:00+00:00,11,6,1,other,,,,,,,,,,,,,,,,,,,,,,VIC1,33.58610232954513,5753.005285113917
2025-09-14 12:00:00+00:00,12,6,1,other,,,,,,,,,,,,,,,,,,,,,,VIC1,42.8302463802299,5879.9273300512505
2025-09-14 12:30:00+00:00,12,6,1,other,,,,,,,,,,,,,,,,,,,,,,VIC1,27.53928723483705,5698.664559669015
2025-09-14 13:00:00+00:00,13,6,1,other,,,,,,,,,,,,,,,,,,,,,,VIC1,41.996878139724636,6020.91904364644
2025-09-14 13:30:00+00:00,13,6,1,other,,,,,,,,,,,,,,,,,,,,,,VIC1,49.452918044104194,6809.960889061295
2025-09-14 14:00:00+00:00,14,6,1,other,,,,,,,,,,,,,,,,,,,,,,VIC1,41.867202913366015,6118.691965442304
2025-09-14 14:30:00+00:00,14,6,1,other,,,,,,,,,,,,,,,,,,,,,,VIC1,38.52036020568333,6279.842018716073
2025-09-14 15:00:00+00:00,15,6,1,other,,,,,,,,,,,,,,,,,,,,,,VIC1,38.16293904415677,5491.861475580782
2025-09-14 15:30:00+00:00,15,6,1,other,,,,,,,,,,,,,,,,,,,,,,VIC1,45.353584456436536,5829.603349152123
2025-09-14 16:00:00+00:00,16,6,1,other,,,,,,,,,,,,,,,,,,,,,,VIC1,35.537113997843825,5856.596802397212
2025-09-14 16:30:00+00:00,16,6,1,other,,,,,,,,,,,,,,,,,,,,,,VIC1,41.806457289467104,6224.839319072103
2025-09-14 17:00:00+00:00,17,6,1,peak,,,,,,,,,,,,,,,,,,,,,,VIC1,52.58483094034266,7789.328369547511
2025-09-14 17:30:00+00:00,17,6,1,peak,,,,,,,,,,,,,,,,,,,,,,VIC1,46.40352768244528,7196.3431161814015
2025-09-14 18:00:00+00:00,18,6,1,peak,,,,,,,,,,,,,,,,,,,,,,VIC1,51.58272214820152,8135.5641711550825
2025-09-14 18:30:00+00:00,18,6,1,peak,,,,,,,,,,,,,,,,,,,,,,VIC1,55.19793990947496,7885.474269465556
2025-09-14 19:00:00+00:00,19,6,1,peak,,,,,,,,,,,,,,,,,,,,,,VIC1,63.639291588189025,7841.162025207883
2025-09-14 19:30:00+00:00,19,6,1,peak,,,,,,,,,,,,,,,,,,,,,,VIC1,50.89548810229445,7987.23811392541
2025-09-14 20:00:00+00:00,20,6,1,peak,,,,,,,,,,,,,,,,,,,,,,VIC1,58.88204271033558,7976.745875000233
2025-09-14 20:30:00+00:00,20,6,1,peak,,,,,,,,,,,,,,,,,,,,,,VIC1,53.59482668752499,7237.55156374492
2025-09-14 21:00:00+00:00,21,6,1,peak,,,,,,,,,,,,,,,,,,,,,,VIC1,58.61169756572738,7426.00833409089
2025-09-14 21:30:00+00:00,21,6,1,peak,,,,,,,,,,,,,,,,,,,,,,VIC1,56.06217412508032,8323.903876195085
2025-09-14 22:00:00+00:00,22,6,1,shoulder,,,,,,,,,,,,,,,,,,,,,,VIC1,47.70018305069517,6235.862954886977
2025-09-14 22:30:00+00:00,22,6,1,shoulder,,,,,,,,,,,,,,,,,,,,,,VIC1,38.1626337353899,5693.5340602728975
2025-09-14 23:00:00+00:00,23,6,1,shoulder,,,,,,,,,,,,,,,,,,,,,,VIC1,35.52432548122994,6158.953762077048
2025-09-14 23:30:00+00:00,23,6,1,shoulder,,,,,,,,,,,,,,,,,,,,,,VIC1,36.851976062821265,5851.535958800851
2025-09-15 00:00:00+00:00,0,0,0,other,,,,,,,,,,,,,,,,,,,,,,VIC1,49.305997818444766,6952.755794718027
2025-09-15 00:30:00+00:00,0,0,0,other,,,,,,,,,,,,,,,,,,,,,,VIC1,51.782640123991065,7534.418116988595
2025-09-15 01:00:00+00:00,1,0,0,other,,,,,,,,,,,,,,,,,,,,,,VIC1,46.68684169996935,4389.435779653726
2025-09-15 01:30:00+00:00,1,0,0,other,,,,,,,,,,,,,,,,,,,,,,VIC1,48.609064205933194,4179.848856006885
2025-09-15 02:00:00+00:00,2,0,0,other,,,,,,,,,,,,,,,,,,,,,,VIC1,44.26084214385958,3797.4492437095732
2025-09-15 02:30:00+00:00,2,0,0,other,,,,,,,,,,,,,,,,,,,,,,VIC1,58.47093926822758,3903.628656493411
2025-09-15 03:00:00+00:00,3,0,0,other,,,,,,,,,,,,,,,,,,,,,,VIC1,49.67197423813198,4455.640970367906
2025-09-15 03:30:00+00:00,3,0,0,other,,,,,,,,,,,,,,,,,,,,,,VIC1,49.86171675752048,4550.030973529834
2025-09-15 04:00:00+00:00,4,0,0,other,,,,,,,,,,,,,,,,,,,,,,VIC1,52.38323673705939,4044.4797463282594
2025-09-15 04:30:00+00:00,4,0,0,other,,,,,,,,,,,,,,,,,,,,,,VIC1,36.97844159764658,4480.717753483174
2025-09-15 05:00:00+00:00,5,0,0,other,,,,,,,,,,,,,,,,,,,,,,VIC1,51.01547583379487,4190.675626307255
2025-09-15 05:30:00+00:00,5,0,0,other,,,,,,,,,,,,,,,,,,,,,,VIC1,61.10589196815708,4317.5039347203965
2025-09-15 06:00:00+00:00,6,0,0,shoulder,,,,,,,,,,,,,,,,,,,,,,VIC1,47.83335470967182,6795.034401495467
2025-09-15 06:30:00+00:00,6,0,0,shoulder,,,,,,,,,,,,,,,,,,,,,,VIC1,48.117279288490934,7667.2026417146735
2025-09-15 07:00:00+00:00,7,0,0,peak,,,,,,,,,,,,,,,,,,,,,,VIC1,59.99161112457876,9313.745659208991
2025-09-15 07:30:00+00:00,7,0,0,peak,,,,,,,,,,,,,,,,,,,,,,VIC1,71.47089864035466,8633.290727974976
2025-09-15 08:00:00+00:00,8,0,0,peak,,,,,,,,,,,,,,,,,,,,,,VIC1,62.62493107700962,10116.512040822658
2025-09-15 08:30:00+00:00,8,0,0,peak,,,,,,,,,,,,,,,,,,,,,,VIC1,65.879877807977,9437.549753542155
2025-09-15 09:00:00+00:00,9,0,0,peak,,,,,,,,,,,,,,,,,,,,,,VIC1,75.53811890999901,8806.189481813526
2025-09-15 09:30:00+00:00,9,0,0,peak,,,,,,,,,,,,,,,,,,,,,,VIC1,55.97423832084408,8681.639635043324
2025-09-15 10:00:00+00:00,10,0,0,other,,,,,,,,,,,,,,,,,,,,,,VIC1,55.45012743815556,6553.6660231111355
2025-09-15 10:30:00+00:00,10,0,0,other,,,,,,,,,,,,,,,,,,,,,,VIC1,48.87344537664988,6884.901380320133
2025-09-15 11:00:00+00:00,11,0,0,other,,,,,,,,,,,,,,,,,,,,,,VIC1,51.54989519980475,6666.512414336166
2025-09-15 11:30:00+00:00,11,0,0,other,,,,,,,,,,,,,,,,,,,,,,VIC1,46.79468266710002,7112.918539978827
2025-09-15 12:00:00+00:00,12,0,0,other,,,,,,,,,,,,,,,,,,,,,,VIC1,51.53205201209027,6788.022520693863
2025-09-15 12:30:00+00:00,12,0,0,other,,,,,,,,,,,,,,,,,,,,,,VIC1,47.008662698596105,6817.517957179559
2025-09-15 13:00:00+00:00,13,0,0,other,,,,,,,,,,,,,,,,,,,,,,VIC1,52.54681040418594,7018.256348980196
2025-09-15 13:30:00+00:00,13,0,0,other,,,,,,,,,,,,,,,,,,,,,,VIC1,58.10655053723344,6873.426505215574
2025-09-15 14:00:00+00:00,14,0,0,other,,,,,,,,,,,,,,,,,,,,,,VIC1,48.679343913244956,6824.329979500692
2025-09-15 14:30:00+00:00,14,0,0,other,,,,,,,,,,,,,,,,,,,,,,VIC1,55.04747282950368,7350.633210945917
2025-09-15 15:00:00+00:00,15,0,0,other,,,,,,,,,,,,,,,,,,,,,,VIC1,47.683651338730286,6858.033107879479
2025-09-15 15:30:00+00:00,15,0,0,other,,,,,,,,,,,,,,,,,,,,,,VIC1,55.01770262174421,6865.012793460186
2025-09-15 16:00:00+00:00,16,0,0,other,,,,,,,,,,,,,,,,,,,,,,VIC1,52.42400740137945,6205.40158807511
2025-09-15 16:30:00+00:00,16,0,0,other,,,,,,,,,,,,,,,,,,,,,,VIC1,51.73559260704073,6621.0999586118605
2025-09-15 17:00:00+00:00,17,0,0,peak,,,,,,,,,,,,,,,,,,,,,,VIC1,69.3790219917756,8740.88240903598
2025-09-15 17:30:00+00:00,17,0,0,peak,,,,,,,,,,,,,,,,,,,,,,VIC1,68.21252030692732,9667.455359614045
2025-09-15 18:00:00+00:00,18,0,0,peak,,,,,,,,,,,,,,,,,,,,,,VIC1,67.07732446279509,8728.547824091525
2025-09-15 18:30:00+00:00,18,0,0,peak,,,,,,,,,,,,,,,,,,,,,,VIC1,75.55105163992515,9002.087510779547
2025-09-15 19:00:00+00:00,19,0,0,peak,,,,,,,,,,,,,,,,,,,,,,VIC1,62.06003438070331,9678.607791636485
2025-09-15 19:30:00+00:00,19,0,0,peak,,,,,,,,,,,,,,,,,,,,,,VIC1,69.59956793653438,9589.846135475891
2025-09-15 20:00:00+00:00,20,0,0,peak,,,,,,,,,,,,,,,,,,,,,,VIC1,67.07390463070848,9126.256434411049
2025-09-15 20:30:00+00:00,20,0,0,peak,,,,,,,,,,,,,,,,,,,,,,VIC1,74.48498633999814,9146.358925543977
2025-09-15 21:00:00+00:00,21,0,0,peak,,,,,,,,,,,,,,,,,,,,,,VIC1,63.236754613750556,9476.5461064986
2025-09-15 21:30:00+00:00,21,0,0,peak,,,,,,,,,,,,,,,,,,,,,,VIC1,75.33617382041788,9789.262640441553
2025-09-15 22:00:00+00:00,22,0,0,shoulder,,,,,,,,,,,,,,,,,,,,,,VIC1,56.457277627966086,7197.623741500697
2025-09-15 22:30:00+00:00,22,0,0,shoulder,,,,,,,,,,,,,,,,,,,,,,VIC1,51.143702428797646,7271.690998626633
2025-09-15 23:00:00+00:00,23,0,0,shoulder,,,,,,,,,,,,,,,,,,,,,,VIC1,50.79778754560469,7068.836533239535
2025-09-15 23:30:00+00:00,23,0,0,shoulder,,,,,,,,,,,,,,,,,,,,,,VIC1,60.18486352273433,6953.624573895639
2025-09-16 00:00:00+00:00,0,1,0,other,,,,,,,,,,,,,,,,,,,,,,VIC1,50.769735136592416,6932.74664533025
2025-09-16 00:30:00+00:00,0,1,0,other,,,,,,,,,,,,,,,,,,,,,,VIC1,59.97111506371873,7307.957558911617
2025-09-16 01:00:00+00:00,1,1,0,other,,,,,,,,,,,,,,,,,,,,,,VIC1,43.817367371498996,4104.0331660728225
2025-09-16 01:30:00+00:00,1,1,0,other,,,,,,,,,,,,,,,,,,,,,,VIC1,48.18004058658459,4303.230722586915
2025-09-16 02:00:00+00:00,2,1,0,other,,,,,,,,,,,,,,,,,,,,,,VIC1,47.621215807157796,4102.071578775438
2025-09-16 02:30:00+00:00,2,1,0,other,,,,,,,,,,,,,,,,,,,,,,VIC1,50.70494824610756,4231.469272620318
2025-09-16 03:00:00+00:00,3,1,0,other,,,,,,,,,,,,,,,,,,,,,,VIC1,50.53642730840582,4143.10630378762
2025-09-16 03:30:00+00:00,3,1,0,other,,,,,,,,,,,,,,,,,,,,,,VIC1,49.6208691699481,3994.7942951548766
2025-09-16 04:00:00+00:00,4,1,0,other,,,,,,,,,,,,,,,,,,,,,,VIC1,53.1768337024046,4114.521822535177
2025-09-16 04:30:00+00:00,4,1,0,other,,,,,,,,,,,,,,,,,,,,,,VIC1,40.99327756641073,4470.4033392124475
2025-09-16 05:00:00+00:00,5,1,0,other,,,,,,,,,,,,,,,,,,,,,,VIC1,56.90289197228908,4464.736381115465
2025-09-16 05:30:00+00:00,5,1,0,other,,,,,,,,,,,,,,,,,,,,,,VIC1,47.258826661568456,4499.862124332807
2025-09-16 06:00:00+00:00,6,1,0,shoulder,,,,,,,,,,,,,,,,,,,,,,VIC1,46.339932450742666,6646.522317902835
2025-09-16 06:30:00+00:00,6,1,0,shoulder,,,,,,,,,,,,,,,,,,,,,,VIC1,57.7036662143354,7507.787362641954
2025-09-16 07:00:00+00:00,7,1,0,peak,,,,,,,,,,,,,,,,,,,,,,VIC1,70.02656148069534,8924.795194893657
2025-09-16 07:30:00+00:00,7,1,0,peak,,,,,,,,,,,,,,,,,,,,,,VIC1,57.12005153428645,8924.338787134644
2025-09-16 08:00:00+00:00,8,1,0,peak,,,,,,,,,,,,,,,,,,,,,,VIC1,69.03747926277869,9033.197743167846
2025-09-16 08:30:00+00:00,8,1,0,peak,,,,,,,,,,,,,,,,,,,,,,VIC1,77.28831159677483,9924.389368753442
2025-09-16 09:00:00+00:00,9,1,0,peak,,,,,,,,,,,,,,,,,,,,,,VIC1,73.70511561367395,9198.036419886172
2025-09-16 09:30:00+00:00,9,1,0,peak,,,,,,,,,,,,,,,,,,,,,,VIC1,62.15966991032093,9854.393530118577
2025-09-16 10:00:00+00:00,10,1,0,other,,,,,,,,,,,,,,,,,,,,,,VIC1,43.26766673350591,7182.438794073545
2025-09-16 10:30:00+00:00,10,1,0,other,,,,,,,,,,,,,,,,,,,,,,VIC1,54.12748954567873,7064.754750063183
2025-09-16 11:00:00+00:00,11,1,0,other,,,,,,,,,,,,,,,,,,,,,,VIC1,43.113216762437844,7126.506533627877
2025-09-16 11:30:00+00:00,11,1,0,other,,,,,,,,,,,,,,,,,,,,,,VIC1,51.0487679265648,6567.533080313283
2025-09-16 12:00:00+00:00,12,1,0,other,,,,,,,,,,,,,,,,,,,,,,VIC1,55.17667801160987,7041.3917195009
2025-09-16 12:30:00+00:00,12,1,0,other,,,,,,,,,,,,,,,,,,,,,,VIC1,46.9101257655735,7370.4779065844305
2025-09-16 13:00:00+00:00,13,1,0,other,,,,,,,,,,,,,,,,,,,,,,VIC1,46.63255829424486,6713.751506959177
2025-09-16 13:30:00+00:00,13,1,0,other,,,,,,,,,,,,,,,,,,,,,,VIC1,43.093639067483316,6521.4120571489575
2025-09-16 14:00:00+00:00,14,1,0,other,,,,,,,,,,,,,,,,,,,,,,VIC1,54.6518404830474,6345.411464779263
2025-09-16 14:30:00+00:00,14,1,0,other,,,,,,,,,,,,,,,,,,,,,,VIC1,47.785102727864434,7106.965552064546
2025-09-16 15:00:00+00:00,15,1,0,other,,,,,,,,,,,,,,,,,,,,,,VIC1,57.91616202409659,7176.092002193825
2025-09-16 15:30:00+00:00,15,1,0,other,,,,,,,,,,,,,,,,,,,,,,VIC1,53.60539142260947,6352.644960305289
2025-09-16 16:00:00+00:00,16,1,0,other,,,,,,,,,,,,,,,,,,,,,,VIC1,47.108920742148875,7366.360501675782
2025-09-16 16:30:00+00:00,16,1,0,other,,,,,,,,,,,,,,,,,,,,,,VIC1,59.04357076273923,6979.2605162244045
2025-09-16 17:00:00+00:00,17,1,0,peak,,,,,,,,,,,,,,,,,,,,,,VIC1,72.64260839306795,8643.6727997171
2025-09-16 17:30:00+00:00,17,1,0,peak,,,,,,,,,,,,,,,,,,,,,,VIC1,51.35486677781126,9664.756547322231
2025-09-16 18:00:00+00:00,18,1,0,peak,,,,,,,,,,,,,,,,,,,,,,VIC1,76.39554253871323,9860.619011871648
2025-09-16 18:30:00+00:00,18,1,0,peak,,,,,,,,,,,,,,,,,,,,,,VIC1,75.475916781187,9271.497617299918
2025-09-16 19:00:00+00:00,19,1,0,peak,,,,,,,,,,,,,,,,,,,,,,VIC1,65.39572206546465,8858.806312404658
2025-09-16 19:30:00+00:00,19,1,0,peak,,,,,,,,,,,,,,,,,,,,,,VIC1,66.0429197958529,9029.474227022676
2025-09-16 20:00:00+00:00,20,1,0,peak,,,,,,,,,,,,,,,,,,,,,,VIC1,78.19622743335098,8613.952498223483
2025-09-16 20:30:00+00:00,20,1,0,peak,,,,,,,,,,,,,,,,,,,,,,VIC1,72.0211540794114,8682.695030959194
2025-09-16 21:00:00+00:00,21,1,0,peak,,,,,,,,,,,,,,,,,,,,,,VIC1,67.99325155669071,9563.520484326827
2025-09-16 21:30:00+00:00,21,1,0,peak,,,,,,,,,,,,,,,,,,,,,,VIC1,65.68783155035894,9526.435986775166
2025-09-16 22:00:00+00:00,22,1,0,shoulder,,,,,,,,,,,,,,,,,,,,,,VIC1,54.10504949806605,7168.341377853782
2025-09-16 22:30:00+00:00,22,1,0,shoulder,,,,,,,,,,,,,,,,,,,,,,VIC1,49.36426084719629,7401.5012845498195
2025-09-16 23:00:00+00:00,23,1,0,shoulder,,,,,,,,,,,,,,,,,,,,,,VIC1,46.27328468129917,7181.548102749141
2025-09-16 23:30:00+00:00,23,1,0,shoulder,,,,,,,,,,,,,,,,,,,,,,VIC1,44.70426292451084,6221.590238553971
2025-09-17 00:00:00+00:00,0,2,0,other,,,,,,,,,,,,,,,,,,,,,,VIC1,49.396410295771865,7052.70232729153
2025-09-17 00:30:00+00:00,0,2,0,other,,,,,,,,,,,,,,,,,,,,,,VIC1,51.75767225041563,6956.95783841958
2025-09-17 01:00:00+00:00,1,2,0,other,,,,,,,,,,,,,,,,,,,,,,VIC1,40.137794154001746,4305.133018866288
2025-09-17 01:30:00+00:00,1,2,0,other,,,,,,,,,,,,,,,,,,,,,,VIC1,48.9994026459373,4230.569309721432
2025-09-17 02:00:00+00:00,2,2,0,other,,,,,,,,,,,,,,,,,,,,,,VIC1,52.77871745032486,3996.9147362682056
2025-09-17 02:30:00+00:00,2,2,0,other,,,,,,,,,,,,,,,,,,,,,,VIC1,56.46547220658952,3911.6403329637433
2025-09-17 03:00:00+00:00,3,2,0,other,,,,,,,,,,,,,,,,,,,,,,VIC1,44.21228825493198,4150.3808522841755
2025-09-17 03:30:00+00:00,3,2,0,other,,,,,,,,,,,,,,,,,,,,,,VIC1,43.60743829254821,4239.222929583987
2025-09-17 04:00:00+00:00,4,2,0,other,,,,,,,,,,,,,,,,,,,,,,VIC1,53.214623844114016,4138.09960516098
2025-09-17 04:30:00+00:00,4,2,0,other,,,,,,,,,,,,,,,,,,,,,,VIC1,51.594043412621104,4416.153756515678
2025-09-17 05:00:00+00:00,5,2,0,other,,,,,,,,,,,,,,,,,,,,,,VIC1,50.03156993202249,4407.236313070632
2025-09-17 05:30:00+00:00,5,2,0,other,,,,,,,,,,,,,,,,,,,,,,VIC1,50.82345658314831,4199.219381096742
2025-09-17 06:00:00+00:00,6,2,0,shoulder,,,,,,,,,,,,,,,,,,,,,,VIC1,59.60492634443861,6781.627508087578
2025-09-17 06:30:00+00:00,6,2,0,shoulder,,,,,,,,,,,,,,,,,,,,,,VIC1,57.66387766345316,6523.380232627559
2025-09-17 07:00:00+00:00,7,2,0,peak,,,,,,,,,,,,,,,,,,,,,,VIC1,81.84046296787848,8849.666890466424
2025-09-17 07:30:00+00:00,7,2,0,peak,,,,,,,,,,,,,,,,,,,,,,VIC1,76.84336199772252,9657.603937941598
2025-09-17 08:00:00+00:00,8,2,0,peak,,,,,,,,,,,,,,,,,,,,,,VIC1,85.25094120081148,8808.232501533235
2025-09-17 08:30:00+00:00,8,2,0,peak,,,,,,,,,,,,,,,,,,,,,,VIC1,68.12477118593641,8863.656724326445
2025-09-17 09:00:00+00:00,9,2,0,peak,,,,,,,,,,,,,,,,,,,,,,VIC1,83.0815935157645,8789.59590990347
2025-09-17 09:30:00+00:00,9,2,0,peak,,,,,,,,,,,,,,,,,,,,,,VIC1,73.55821229119921,9491.445505092066
2025-09-17 10:00:00+00:00,10,2,0,other,,,,,,,,,,,,,,,,,,,,,,VIC1,42.59221617872916,7561.7177137658555
2025-09-17 10:30:00+00:00,10,2,0,other,,,,,,,,,,,,,,,,,,,,,,VIC1,48.80521904835041,6960.691000734454
2025-09-17 11:00:00+00:00,11,2,0,other,,,,,,,,,,,,,,,,,,,,,,VIC1,41.35193084673152,7423.856061448897
2025-09-17 11:30:00+00:00,11,2,0,other,,,,,,,,,,,,,,,,,,,,,,VIC1,61.1991434171845,6983.923774735311
2025-09-17 12:00:00+00:00,12,2,0,other,,,,,,,,,,,,,,,,,,,,,,VIC1,51.62106470156386,6403.328313023818
2025-09-17 12:30:00+00:00,12,2,0,other,,,,,,,,,,,,,,,,,,,,,,VIC1,52.96910626942025,7028.924665886868
2025-09-17 13:00:00+00:00,13,2,0,other,,,,,,,,,,,,,,,,,,,,,,VIC1,49.17043332973176,6354.179480966593
2025-09-17 13:30:00+00:00,13,2,0,other,,,,,,,,,,,,,,,,,,,,,,VIC1,56.29388117893065,7287.173123407133
2025-09-17 14:00:00+00:00,14,2,0,other,,,,,,,,,,,,,,,,,,,,,,VIC1,52.96731925236511,7058.447764967448
2025-09-17 14:30:00+00:00,14,2,0,other,,,,,,,,,,,,,,,,,,,,,,VIC1,39.37488699133815,7313.647565287036
2025-09-17 15:00:00+00:00,15,2,0,other,,,,,,,,,,,,,,,,,,,,,,VIC1,63.73570242157094,6955.436091630203
2025-09-17 15:30:00+00:00,15,2,0,other,,,,,,,,,,,,,,,,,,,,,,VIC1,51.26098933196869,7054.759563665417
2025-09-17 16:00:00+00:00,16,2,0,other,,,,,,,,,,,,,,,,,,,,,,VIC1,52.09106292337856,6325.066801274515
2025-09-17 16:30:00+00:00,16,2,0,other,,,,,,,,,,,,,,,,,,,,,,VIC1,50.5965069271769,6987.877525887069
2025-09-17 17:00:00+00:00,17,2,0,peak,,,,,,,,,,,,,,,,,,,,,,VIC1,61.4287858386626,9729.237432336246
2025-09-17 17:30:00+00:00,17,2,0,peak,,,,,,,,,,,,,,,,,,,,,,VIC1,73.52481428644751,8655.580404249042
2025-09-17 18:00:00+00:00,18,2,0,peak,,,,,,,,,,,,,,,,,,,,,,VIC1,77.59016900826298,9263.01475346789
2025-09-17 18:30:00+00:00,18,2,0,peak,,,,,,,,,,,,,,,,,,,,,,VIC1,85.22489951405035,9576.722720388643
2025-09-17 19:00:00+00:00,19,2,0,peak,,,,,,,,,,,,,,,,,,,,,,VIC1,73.33892542861688,8665.09166876084
2025-09-17 19:30:00+00:00,19,2,0,peak,,,,,,,,,,,,,,,,,,,,,,VIC1,63.47294734560822,9681.075882544015
2025-09-17 20:00:00+00:00,20,2,0,peak,,,,,,,,,,,,,,,,,,,,,,VIC1,73.83962859058303,9224.342444472408
2025-09-17 20:30:00+00:00,20,2,0,peak,,,,,,,,,,,,,,,,,,,,,,VIC1,65.8894478348344,8528.485391833514
2025-09-17 21:00:00+00:00,21,2,0,peak,,,,,,,,,,,,,,,,,,,,,,VIC1,83.63064238779617,9160.016254380505
2025-09-17 21:30:00+00:00,21,2,0,peak,,,,,,,,,,,,,,,,,,,,,,VIC1,69.15735694497778,9530.834338288698
2025-09-17 22:00:00+00:00,22,2,0,shoulder,,,,,,,,,,,,,,,,,,,,,,VIC1,50.539922784031056,6882.270660017627
2025-09-17 22:30:00+00:00,22,2,0,shoulder,,,,,,,,,,,,,,,,,,,,,,VIC1,49.49781740944494,7278.283347547386
2025-09-17 23:00:00+00:00,23,2,0,shoulder,,,,,,,,,,,,,,,,,,,,,,VIC1,52.26778576155572,6795.784295732728
2025-09-17 23:30:00+00:00,23,2,0,shoulder,,,,,,,,,,,,,,,,,,,,,,VIC1,43.17067742417535,7096.43350485701
2025-09-18 00:00:00+00:00,0,3,0,other,,,,,,,,,,,,,,,,,,,,,,VIC1,49.57952867634978,7257.49041238395
2025-09-11 00:30:00+00:00,0,3,0,other,,,,,,,,,,,,,,,,,,,,,,QLD1,56.257010427645746,7413.136371910299
2025-09-11 01:00:00+00:00,1,3,0,other,,,,,,,,,,,,,,,,,,,,,,QLD1,50.82114977160263,4436.387357231911
2025-09-11 01:30:00+00:00,1,3,0,other,,,,,,,,,,,,,,,,,,,,,,QLD1,42.31306796332899,3948.7792105614876
2025-09-11 02:00:00+00:00,2,3,0,other,,,,,,,,,,,,,,,,,,,,,,QLD1,52.35878173073877,4344.00077165673
2025-09-11 02:30:00+00:00,2,3,0,other,,,,,,,,,,,,,,,,,,,,,,QLD1,47.06342251710652,4172.34092636333
2025-09-11 03:00:00+00:00,3,3,0,other,,,,,,,,,,,,,,,,,,,,,,QLD1,52.98876524212617,4215.132749140914
2025-09-11 03:30:00+00:00,3,3,0,other,,,,,,,,,,,,,,,,,,,,,,QLD1,46.4032739503573,4297.807609749878
2025-09-11 04:00:00+00:00,4,3,0,other,,,,,,,,,,,,,,,,,,,,,,QLD1,55.320853702452666,4651.283360400543
2025-09-11 04:30:00+00:00,4,3,0,other,,,,,,,,,,,,,,,,,,,,,,QLD1,57.93577870401015,4323.448267661744
2025-09-11 05:00:00+00:00,5,3,0,other,,,,,,,,,,,,,,,,,,,,,,QLD1,53.04819069005593,4437.488152422089
2025-09-11 05:30:00+00:00,5,3,0,other,,,,,,,,,,,,,,,,,,,,,,QLD1,39.311293862248434,4068.0132351775305
2025-09-11 06:00:00+00:00,6,3,0,shoulder,,,,,,,,,,,,,,,,,,,,,,QLD1,48.50512205804139,6748.848698315616
2025-09-11 06:30:00+00:00,6,3,0,shoulder,,,,,,,,,,,,,,,,,,,,,,QLD1,45.60184448704837,6557.423012244863
2025-09-11 07:00:00+00:00,7,3,0,peak,,,,,,,,,,,,,,,,,,,,,,QLD1,61.26744475210791,9696.00453185833
2025-09-11 07:30:00+00:00,7,3,0,peak,,,,,,,,,,,,,,,,,,,,,,QLD1,64.48542477624537,9800.959061605945
2025-09-11 08:00:00+00:00,8,3,0,peak,,,,,,,,,,,,,,,,,,,,,,QLD1,85.69847868446202,8577.7359378965
2025-09-11 08:30:00+00:00,8,3,0,peak,,,,,,,,,,,,,,,,,,,,,,QLD1,76.30142233356426,9428.792623308043
2025-09-11 09:00:00+00:00,9,3,0,peak,,,,,,,,,,,,,,,,,,,,,,QLD1,68.14422367284895,9257.671921889165
2025-09-11 09:30:00+00:00,9,3,0,peak,,,,,,,,,,,,,,,,,,,,,,QLD1,58.70304195531977,9723.405708206854
2025-09-11 10:00:00+00:00,10,3,0,other,,,,,,,,,,,,,,,,,,,,,,QLD1,51.54535738102128,6933.20541012614
2025-09-11 10:30:00+00:00,10,3,0,other,,,,,,,,,,,,,,,,,,,,,,QLD1,47.375339314890795,6910.248271350159
2025-09-11 11:00:00+00:00,11,3,0,other,,,,,,,,,,,,,,,,,,,,,,QLD1,54.50309699070629,7056.858090477775
2025-09-11 11:30:00+00:00,11,3,0,other,,,,,,,,,,,,,,,,,,,,,,QLD1,51.59632163844903,7237.128380965873
2025-09-11 12:00:00+00:00,12,3,0,other,,,,,,,,,,,,,,,,,,,,,,QLD1,48.612799525139614,6745.901529545879
2025-09-11 12:30:00+00:00,12,3,0,other,,,,,,,,,,,,,,,,,,,,,,QLD1,53.314876782017606,7363.680699062672
2025-09-11 13:00:00+00:00,13,3,0,other,,,,,,,,,,,,,,,,,,,,,,QLD1,48.72458725856783,6843.2192286512845
2025-09-11 13:30:00+00:00,13,3,0,other,,,,,,,,,,,,,,,,,,,,,,QLD1,52.49451982979664,6952.416626280605
2025-09-11 14:00:00+00:00,14,3,0,other,,,,,,,,,,,,,,,,,,,,,,QLD1,36.516283920499816,6788.877598549068
2025-09-11 14:30:00+00:00,14,3,0,other,,,,,,,,,,,,,,,,,,,,,,QLD1,49.13123811920343,7372.619465430972
2025-09-11 15:00:00+00:00,15,3,0,other,,,,,,,,,,,,,,,,,,,,,,QLD1,57.24757634513975,7275.025242803269
2025-09-11 15:30:00+00:00,15,3,0,other,,,,,,,,,,,,,,,,,,,,,,QLD1,53.15825214562212,6971.711579434608
2025-09-11 16:00:00+00:00,16,3,0,other,,,,,,,,,,,,,,,,,,,,,,QLD1,53.63761074044609,7153.25944388265
2025-09-11 16:30:00+00:00,16,3,0,other,,,,,,,,,,,,,,,,,,,,,,QLD1,47.9225908985867,7323.477391841808
2025-09-11 17:00:00+00:00,17,3,0,peak,,,,,,,,,,,,,,,,,,,,,,QLD1,76.70826433737064,8423.424144966604
2025-09-11 17:30:00+00:00,17,3,0,peak,,,,,,,,,,,,,,,,,,,,,,QLD1,70.95494970933201,8760.582497481017
2025-09-11 18:00:00+00:00,18,3,0,peak,,,,,,,,,,,,,,,,,,,,,,QLD1,60.6911921148987,8468.458789483228
2025-09-11 18:30:00+00:00,18,3,0,peak,,,,,,,,,,,,,,,,,,,,,,QLD1,78.61828982718659,9412.72618876103
2025-09-11 19:00:00+00:00,19,3,0,peak,,,,,,,,,,,,,,,,,,,,,,QLD1,71.9165173698882,9525.948946485307
2025-09-11 19:30:00+00:00,19,3,0,peak,,,,,,,,,,,,,,,,,,,,,,QLD1,75.00008999536075,9162.631686923783
2025-09-11 20:00:00+00:00,20,3,0,peak,,,,,,,,,,,,,,,,,,,,,,QLD1,69.64287286902892,9271.25837470222
2025-09-11 20:30:00+00:00,20,3,0,peak,,,,,,,,,,,,,,,,,,,,,,QLD1,75.83167215928972,9519.757270714856
2025-09-11 21:00:00+00:00,21,3,0,peak,,,,,,,,,,,,,,,,,,,,,,QLD1,67.40458218032863,9106.45813455049
2025-09-11 21:30:00+00:00,21,3,0,peak,,,,,,,,,,,,,,,,,,,,,,QLD1,74.81095295669753,8928.26603837219
2025-09-11 22:00:00+00:00,22,3,0,shoulder,,,,,,,,,,,,,,,,,,,,,,QLD1,48.27554239745074,7319.029758367957
2025-09-11 22:30:00+00:00,22,3,0,shoulder,,,,,,,,,,,,,,,,,,,,,,QLD1,50.62833987016825,7420.058490796656
2025-09-11 23:00:00+00:00,23,3,0,shoulder,,,,,,,,,,,,,,,,,,,,,,QLD1,46.35381386747656,7290.333841390223
2025-09-11 23:30:00+00:00,23,3,0,shoulder,,,,,,,,,,,,,,,,,,,,,,QLD1,52.8677332046944,6875.5120381844035
2025-09-12 00:00:00+00:00,0,4,0,other,,,,,,,,,,,,,,,,,,,,,,QLD1,55.28914828845376,7452.7616074770385
2025-09-12 00:30:00+00:00,0,4,0,other,,,,,,,,,,,,,,,,,,,,,,QLD1,53.40624349839237,6807.883808974096
2025-09-12 01:00:00+00:00,1,4,0,other,,,,,,,,,,,,,,,,,,,,,,QLD1,51.70735687108976,4355.316347077917
2025-09-12 01:30:00+00:00,1,4,0,other,,,,,,,,,,,,,,,,,,,,,,QLD1,53.545295438896844,4167.728458986048
2025-09-12 02:00:00+00:00,2,4,0,other,,,,,,,,,,,,,,,,,,,,,,QLD1,54.44482329361997,4284.694377572322
2025-09-12 02:30:00+00:00,2,4,0,other,,,,,,,,,,,,,,,,,,,,,,QLD1,43.168297467614906,4221.6040972672845
2025-09-12 03:00:00+00:00,3,4,0,other,,,,,,,,,,,,,,,,,,,,,,QLD1,49.677759453753204,4140.742111032558
2025-09-12 03:30:00+00:00,3,4,0,other,,,,,,,,,,,,,,,,,,,,,,QLD1,52.09788026519768,4229.441888777046
2025-09-12 04:00:00+00:00,4,4,0,other,,,,,,,,,,,,,,,,,,,,,,QLD1,48.82715235448939,4028.2559912103775
2025-09-12 04:30:00+00:00,4,4,0,other,,,,,,,,,,,,,,,,,,,,,,QLD1,33.72860940113422,4193.317828278826
2025-09-12 05:00:00+00:00,5,4,0,other,,,,,,,,,,,,,,,,,,,,,,QLD1,40.655623550728,4088.8467230866613
2025-09-12 05:30:00+00:00,5,4,0,other,,,,,,,,,,,,,,,,,,,,,,QLD1,46.21801052745261,4504.307254886266
2025-09-12 06:00:00+00:00,6,4,0,shoulder,,,,,,,,,,,,,,,,,,,,,,QLD1,49.15731256586259,6942.833964891681
2025-09-12 06:30:00+00:00,6,4,0,shoulder,,,,,,,,,,,,,,,,,,,,,,QLD1,50.476079404205635,6810.93611572362
2025-09-12 07:00:00+00:00,7,4,0,peak,,,,,,,,,,,,,,,,,,,,,,QLD1,61.59798160042233,8711.843980992568
2025-09-12 07:30:00+00:00,7,4,0,peak,,,,,,,,,,,,,,,,,,,,,,QLD1,72.18796149613628,9164.507467087044
2025-09-12 08:00:00+00:00,8,4,0,peak,,,,,,,,,,,,,,,,,,,,,,QLD1,63.24400087963472,8586.148068080458
2025-09-12 08:30:00+00:00,8,4,0,peak,,,,,,,,,,,,,,,,,,,,,,QLD1,72.51276751738254,8745.557890285918
2025-09-12 09:00:00+00:00,9,4,0,peak,,,,,,,,,,,,,,,,,,,,,,QLD1,69.359430775281,8444.797163434405
2025-09-12 09:30:00+00:00,9,4,0,peak,,,,,,,,,,,,,,,,,,,,,,QLD1,81.98560809111461,8753.721562493323
2025-09-12 10:00:00+00:00,10,4,0,other,,,,,,,,,,,,,,,,,,,,,,QLD1,59.73639990648893,6861.171346850595
2025-09-12 10:30:00+00:00,10,4,0,other,,,,,,,,,,,,,,,,,,,,,,QLD1,49.7396023438723,6585.274378952664
2025-09-12 11:00:00+00:00,11,4,0,other,,,,,,,,,,,,,,,,,,,,,,QLD1,43.899730540355336,6387.442331113229
2025-09-12 11:30:00+00:00,11,4,0,other,,,,,,,,,,,,,,,,,,,,,,QLD1,50.68286233845828,6676.849645982229
2025-09-12 12:00:00+00:00,12,4,0,other,,,,,,,,,,,,,,,,,,,,,,QLD1,50.014495133752575,6442.053755022893
2025-09-12 12:30:00+00:00,12,4,0,other,,,,,,,,,,,,,,,,,,,,,,QLD1,45.04043994728287,6614.065819038777
2025-09-12 13:00:00+00:00,13,4,0,other,,,,,,,,,,,,,,,,,,,,,,QLD1,48.52867603944885,6785.229183857249
2025-09-12 13:30:00+00:00,13,4,0,other,,,,,,,,,,,,,,,,,,,,,,QLD1,39.70046754160478,6773.863914037247
2025-09-12 14:00:00+00:00,14,4,0,other,,,,,,,,,,,,,,,,,,,,,,QLD1,53.59894877783531,6473.7357701693645
2025-09-12 14:30:00+00:00,14,4,0,other,,,,,,,,,,,,,,,,,,,,,,QLD1,50.830338960052316,7138.310045830104
2025-09-12 15:00:00+00:00,15,4,0,other,,,,,,,,,,,,,,,,,,,,,,QLD1,45.530399266767354,6867.593055324838
2025-09-12 15:30:00+00:00,15,4,0,other,,,,,,,,,,,,,,,,,,,,,,QLD1,56.86865010389226,6827.35515661736
2025-09-12 16:00:00+00:00,16,4,0,other,,,,,,,,,,,,,,,,,,,,,,QLD1,49.68088370136356,7297.046136921018
2025-09-12 16:30:00+00:00,16,4,0,other,,,,,,,,,,,,,,,,,,,,,,QLD1,52.0416837671386,7096.043112502658
2025-09-12 17:00:00+00:00,17,4,0,peak,,,,,,,,,,,,,,,,,,,,,,QLD1,74.4597564489945,8738.191521843775
2025-09-12 17:30:00+00:00,17,4,0,peak,,,,,,,,,,,,,,,,,,,,,,QLD1,67.560612020338,10113.815423060723
2025-09-12 18:00:00+00:00,18,4,0,peak,,,,,,,,,,,,,,,,,,,,,,QLD1,64.58237047493789,9150.159098715805
2025-09-12 18:30:00+00:00,18,4,0,peak,,,,,,,,,,,,,,,,,,,,,,QLD1,75.51221124445529,9449.304064016616
2025-09-12 19:00:00+00:00,19,4,0,peak,,,,,,,,,,,,,,,,,,,,,,QLD1,68.76731773608181,8890.056087946865
2025-09-12 19:30:00+00:00,19,4,0,peak,,,,,,,,,,,,,,,,,,,,,,QLD1,75.29252065268186,9124.89877629876
2025-09-12 20:00:00+00:00,20,4,0,peak,,,,,,,,,,,,,,,,,,,,,,QLD1,61.90478675620262,9135.453520602927
2025-09-12 20:30:00+00:00,20,4,0,peak,,,,,,,,,,,,,,,,,,,,,,QLD1,81.9275893814653,9069.264527531423
2025-09-12 21:00:00+00:00,21,4,0,peak,,,,,,,,,,,,,,,,,,,,,,QLD1,80.94422695982821,9864.981474000431
2025-09-12 21:30:00+00:00,21,4,0,peak,,,,,,,,,,,,,,,,,,,,,,QLD1,64.53362759745696,9309.169755130757
2025-09-12 22:00:00+00:00,22,4,0,shoulder,,,,,,,,,,,,,,,,,,,,,,QLD1,52.27052618974382,6573.8172322817545
2025-09-12 22:30:00+00:00,22,4,0,shoulder,,,,,,,,,,,,,,,,,,,,,,QLD1,43.01299113224679,6813.887297355949
2025-09-12 23:00:00+00:00,23,4,0,shoulder,,,,,,,,,,,,,,,,,,,,,,QLD1,50.71283028133253,6522.715117083461
2025-09-12 23:30:00+00:00,23,4,0,shoulder,,,,,,,,,,,,,,,,,,,,,,QLD1,47.240650871138264,7242.0471817319085
2025-09-13 00:00:00+00:00,0,5,1,other,,,,,,,,,,,,,,,,,,,,,,QLD1,42.45479465628911,5793.485771606836
2025-09-13 00:30:00+00:00,0,5,1,other,,,,,,,,,,,,,,,,,,,,,,QLD1,37.57489488459086,6125.521472509992
2025-09-13 01:00:00+00:00,1,5,1,other,,,,,,,,,,,,,,,,,,,,,,QLD1,42.61116034437498,3270.8663759814717
2025-09-13 01:30:00+00:00,1,5,1,other,,,,,,,,,,,,,,,,,,,,,,QLD1,41.997039702718496,3645.1736475978655
2025-09-13 02:00:00+00:00,2,5,1,other,,,,,,,,,,,,,,,,,,,,,,QLD1,31.250556787771785,3181.8669282828932
2025-09-13 02:30:00+00:00,2,5,1,other,,,,,,,,,,,,,,,,,,,,,,QLD1,47.45935084838198,3507.673612392459
2025-09-13 03:00:00+00:00,3,5,1,other,,,,,,,,,,,,,,,,,,,,,,QLD1,45.02071283634913,3625.130010864438
2025-09-13 03:30:00+00:00,3,5,1,other,,,,,,,,,,,,,,,,,,,,,,QLD1,35.18832079840506,3749.196709633428
2025-09-13 04:00:00+00:00,4,5,1,other,,,,,,,,,,,,,,,,,,,,,,QLD1,40.38194139343443,3594.750146644829
2025-09-13 04:30:00+00:00,4,5,1,other,,,,,,,,,,,,,,,,,,,,,,QLD1,39.56998880941898,3371.115598545346
2025-09-13 05:00:00+00:00,5,5,1,other,,,,,,,,,,,,,,,,,,,,,,QLD1,33.6861118053597,3314.427724980973
2025-09-13 05:30:00+00:00,5,5,1,other,,,,,,,,,,,,,,,,,,,,,,QLD1,32.19111058941141,3617.996910611489
2025-09-13 06:00:00+00:00,6,5,1,shoulder,,,,,,,,,,,,,,,,,,,,,,QLD1,34.606382681217234,5675.299163117568
2025-09-13 06:30:00+00:00,6,5,1,shoulder,,,,,,,,,,,,,,,,,,,,,,QLD1,44.626445222884385,6064.288915275008
2025-09-13 07:00:00+00:00,7,5,1,peak,,,,,,,,,,,,,,,,,,,,,,QLD1,45.456376682217446,7516.051705283894
2025-09-13 07:30:00+00:00,7,5,1,peak,,,,,,,,,,,,,,,,,,,,,,QLD1,65.93721196242345,7569.881081775109
2025-09-13 08:00:00+00:00,8,5,1,peak,,,,,,,,,,,,,,,,,,,,,,QLD1,65.53784971646849,7783.894602775157
2025-09-13 08:30:00+00:00,8,5,1,peak,,,,,,,,,,,,,,,,,,,,,,QLD1,50.803067693764845,7839.095091818445
2025-09-13 09:00:00+00:00,9,5,1,peak,,,,,,,,,,,,,,,,,,,,,,QLD1,59.721863523279296,7399.744241349355
2025-09-13 09:30:00+00:00,9,5,1,peak,,,,,,,,,,,,,,,,,,,,,,QLD1,58.21117131592045,7455.862719975473
2025-09-13 10:00:00+00:00,10,5,1,other,,,,,,,,,,,,,,,,,,,,,,QLD1,43.1395552734243,6321.81904255421
2025-09-13 10:30:00+00:00,10,5,1,other,,,,,,,,,,,,,,,,,,,,,,QLD1,42.49471532479529,6496.40103792681
2025-09-13 11:00:00+00:00,11,5,1,other,,,,,,,,,,,,,,,,,,,,,,QLD1,42.82579977113926,5892.009564305012
2025-09-13 11:30:00+00:00,11,5,1,other,,,,,,,,,,,,,,,,,,,,,,QLD1,54.45840044113061,5933.982805632096
2025-09-13 12:00:00+00:00,12,5,1,other,,,,,,,,,,,,,,,,,,,,,,QLD1,37.97705372096405,6165.367635783879
2025-09-13 12:30:00+00:00,12,5,1,other,,,,,,,,,,,,,,,,,,,,,,QLD1,37.308843474359705,5805.209420929663
2025-09-13 13:00:00+00:00,13,5,1,other,,,,,,,,,,,,,,,,,,,,,,QLD1,36.71772063453804,5755.814353119212
2025-09-13 13:30:00+00:00,13,5,1,other,,,,,,,,,,,,,,,,,,,,,,QLD1,43.733298021542055,5900.356127428314
2025-09-13 14:00:00+00:00,14,5,1,other,,,,,,,,,,,,,,,,,,,,,,QLD1,35.04185840924872,6277.277797971703
2025-09-13 14:30:00+00:00,14,5,1,other,,,,,,,,,,,,,,,,,,,,,,QLD1,46.087313566164134,5430.894475340404
2025-09-13 15:00:00+00:00,15,5,1,other,,,,,,,,,,,,,,,,,,,,,,QLD1,37.55020425423914,6208.889636498301
2025-09-13 15:30:00+00:00,15,5,1,other,,,,,,,,,,,,,,,,,,,,,,QLD1,32.31388153578468,5763.545732710084
2025-09-13 16:00:00+00:00,16,5,1,other,,,,,,,,,,,,,,,,,,,,,,QLD1,41.40434595259863,5830.197265166613
2025-09-13 16:30:00+00:00,16,5,1,other,,,,,,,,,,,,,,,,,,,,,,QLD1,42.33522566905589,5832.934204037053
2025-09-13 17:00:00+00:00,17,5,1,peak,,,,,,,,,,,,,,,,,,,,,,QLD1,54.75473193451432,8410.701811988763
2025-09-13 17:30:00+00:00,17,5,1,peak,,,,,,,,,,,,,,,,,,,,,,QLD1,50.4791693592553,7217.936276930719
2025-09-13 18:00:00+00:00,18,5,1,peak,,,,,,,,,,,,,,,,,,,,,,QLD1,68.50595115088537,7656.194849562197
2025-09-13 18:30:00+00:00,18,5,1,peak,,,,,,,,,,,,,,,,,,,,,,QLD1,53.412421053540115,7817.875955903338
2025-09-13 19:00:00+00:00,19,5,1,peak,,,,,,,,,,,,,,,,,,,,,,QLD1,58.78468745801186,7747.787830012533
2025-09-13 19:30:00+00:00,19,5,1,peak,,,,,,,,,,,,,,,,,,,,,,QLD1,50.42015853088256,8122.349164235648
2025-09-13 20:00:00+00:00,20,5,1,peak,,,,,,,,,,,,,,,,,,,,,,QLD1,50.13922800440193,7258.910511611459
2025-09-13 20:30:00+00:00,20,5,1,peak,,,,,,,,,,,,,,,,,,,,,,QLD1,42.71755323107562,7970.154575803505
2025-09-13 21:00:00+00:00,21,5,1,peak,,,,,,,,,,,,,,,,,,,,,,QLD1,48.95639646017385,7668.573613966964
2025-09-13 21:30:00+00:00,21,5,1,peak,,,,,,,,,,,,,,,,,,,,,,QLD1,43.42769229333226,7601.080739435795
2025-09-13 22:00:00+00:00,22,5,1,shoulder,,,,,,,,,,,,,,,,,,,,,,QLD1,34.53620030538049,5806.440095601251
2025-09-13 22:30:00+00:00,22,5,1,shoulder,,,,,,,,,,,,,,,,,,,,,,QLD1,40.194071458163066,6035.918353241838
2025-09-13 23:00:00+00:00,23,5,1,shoulder,,,,,,,,,,,,,,,,,,,,,,QLD1,38.350090259921,5695.734329899923
2025-09-13 23:30:00+00:00,23,5,1,shoulder,,,,,,,,,,,,,,,,,,,,,,QLD1,41.985460283475334,6055.486944736587
2025-09-14 00:00:00+00:00,0,6,1,other,,,,,,,,,,,,,,,,,,,,,,QLD1,45.77100513084758,5808.402873973597
2025-09-14 00:30:00+00:00,0,6,1,other,,,,,,,,,,,,,,,,,,,,,,QLD1,36.886746555113284,6047.682230353788
2025-09-14 01:00:00+00:00,1,6,1,other,,,,,,,,,,,,,,,,,,,,,,QLD1,39.1656989705684,3358.0933057787174
2025-09-14 01:30:00+00:00,1,6,1,other,,,,,,,,,,,,,,,,,,,,,,QLD1,39.27989836834775,3661.6308074932454
2025-09-14 02:00:00+00:00,2,6,1,other,,,,,,,,,,,,,,,,,,,,,,QLD1,47.958533917881724,3819.5288900677215
2025-09-14 02:30:00+00:00,2,6,1,other,,,,,,,,,,,,,,,,,,,,,,QLD1,28.73377151693785,3588.4168198313487
2025-09-14 03:00:00+00:00,3,6,1,other,,,,,,,,,,,,,,,,,,,,,,QLD1,42.690030434895085,3624.582691921616
2025-09-14 03:30:00+00:00,3,6,1,other,,,,,,,,,,,,,,,,,,,,,,QLD1,34.50731506847744,3668.5992904677405
2025-09-14 04:00:00+00:00,4,6,1,other,,,,,,,,,,,,,,,,,,,,,,QLD1,36.14677927137851,3609.2032608462428
2025-09-14 04:30:00+00:00,4,6,1,other,,,,,,,,,,,,,,,,,,,,,,QLD1,33.87416722574724,3441.717849044259
2025-09-14 05:00:00+00:00,5,6,1,other,,,,,,,,,,,,,,,,,,,,,,QLD1,46.51687245362014,3438.908673403963
2025-09-14 05:30:00+00:00,5,6,1,other,,,,,,,,,,,,,,,,,,,,,,QLD1,37.14617508567433,3712.2144392576324
2025-09-14 06:00:00+00:00,6,6,1,shoulder,,,,,,,,,,,,,,,,,,,,,,QLD1,39.05370177794343,6422.403090445967
2025-09-14 06:30:00+00:00,6,6,1,shoulder,,,,,,,,,,,,,,,,,,,,,,QLD1,38.36477826348583,5784.116123863985
2025-09-14 07:00:00+00:00,7,6,1,peak,,,,,,,,,,,,,,,,,,,,,,QLD1,54.31754682255085,7683.039344225525
2025-09-14 07:30:00+00:00,7,6,1,peak,,,,,,,,,,,,,,,,,,,,,,QLD1,53.53352334158544,8127.891539871217
2025-09-14 08:00:00+00:00,8,6,1,peak,,,,,,,,,,,,,,,,,,,,,,QLD1,61.828655484662995,7631.549468226837
2025-09-14 08:30:00+00:00,8,6,1,peak,,,,,,,,,,,,,,,,,,,,,,QLD1,44.203211219317545,7250.043648190536
2025-09-14 09:00:00+00:00,9,6,1,peak,,,,,,,,,,,,,,,,,,,,,,QLD1,63.36854113393449,7572.526831931599
2025-09-14 09:30:00+00:00,9,6,1,peak,,,,,,,,,,,,,,,,,,,,,,QLD1,48.83725097573582,7924.951627804897
2025-09-14 10:00:00+00:00,10,6,1,other,,,,,,,,,,,,,,,,,,,,,,QLD1,40.77456759409938,6101.403460251799
2025-09-14 10:30:00+00:00,10,6,1,other,,,,,,,,,,,,,,,,,,,,,,QLD1,44.77589618766828,6514.79040622311
2025-09-14 11:00:00+00:00,11,6,1,other,,,,,,,,,,,,,,,,,,,,,,QLD1,41.57120903136509,6274.984060140469
2025-09-14 11:30:00+00:00,11,6,1,other,,,,,,,,,,,,,,,,,,,,,,QLD1,41.606935713752826,5369.38782127875
2025-09-14 12:00:00+00:00,12,6,1,other,,,,,,,,,,,,,,,,,,,,,,QLD1,40.052145569497746,6326.709938294077
2025-09-14 12:30:00+00:00,12,6,1,other,,,,,,,,,,,,,,,,,,,,,,QLD1,42.57975479670699,5290.382613307901
2025-09-14 13:00:00+00:00,13,6,1,other,,,,,,,,,,,,,,,,,,,,,,QLD1,36.732484661639575,6063.867973036475
2025-09-14 13:30:00+00:00,13,6,1,other,,,,,,,,,,,,,,,,,,,,,,QLD1,39.023156639709626,5971.005492943815
2025-09-14 14:00:00+00:00,14,6,1,other,,,,,,,,,,,,,,,,,,,,,,QLD1,41.82252226850119,5639.757608172254
2025-09-14 14:30:00+00:00,14,6,1,other,,,,,,,,,,,,,,,,,,,,,,QLD1,42.75568939136135,6460.592078302865
2025-09-14 15:00:00+00:00,15,6,1,other,,,,,,,,,,,,,,,,,,,,,,QLD1,41.31127328522015,5836.297822626002
2025-09-14 15:30:00+00:00,15,6,1,other,,,,,,,,,,,,,,,,,,,,,,QLD1,46.09604844089801,5721.227620222284
2025-09-14 16:00:00+00:00,16,6,1,other,,,,,,,,,,,,,,,,,,,,,,QLD1,38.87674577262649,6465.68543674003
2025-09-14 16:30:00+00:00,16,6,1,other,,,,,,,,,,,,,,,,,,,,,,QLD1,39.2264975965122,5912.389528234975
2025-09-14 17:00:00+00:00,17,6,1,peak,,,,,,,,,,,,,,,,,,,,,,QLD1,49.05893326635642,7848.811242534502
2025-09-14 17:30:00+00:00,17,6,1,peak,,,,,,,,,,,,,,,,,,,,,,QLD1,51.44488372682916,8196.574577420286
2025-09-14 18:00:00+00:00,18,6,1,peak,,,,,,,,,,,,,,,,,,,,,,QLD1,56.598811826606756,7931.435893823097
2025-09-14 18:30:00+00:00,18,6,1,peak,,,,,,,,,,,,,,,,,,,,,,QLD1,64.20692858561915,8346.921857082585
2025-09-14 19:00:00+00:00,19,6,1,peak,,,,,,,,,,,,,,,,,,,,,,QLD1,50.70624860365376,8287.065582318684
2025-09-14 19:30:00+00:00,19,6,1,peak,,,,,,,,,,,,,,,,,,,,,,QLD1,55.09149061502462,7834.1775625023765
2025-09-14 20:00:00+00:00,20,6,1,peak,,,,,,,,,,,,,,,,,,,,,,QLD1,62.3365273613164,7914.421477358193
2025-09-14 20:30:00+00:00,20,6,1,peak,,,,,,,,,,,,,,,,,,,,,,QLD1,59.88058873403091,8174.158000271973
2025-09-14 21:00:00+00:00,21,6,1,peak,,,,,,,,,,,,,,,,,,,,,,QLD1,47.75940611586435,7845.762861831236
2025-09-14 21:30:00+00:00,21,6,1,peak,,,,,,,,,,,,,,,,,,,,,,QLD1,53.79617442642966,7502.435299010343
2025-09-14 22:00:00+00:00,22,6,1,shoulder,,,,,,,,,,,,,,,,,,,,,,QLD1,42.40843045286578,5990.6850086673985
2025-09-14 22:30:00+00:00,22,6,1,shoulder,,,,,,,,,,,,,,,,,,,,,,QLD1,39.34799238748985,5648.523617602416
2025-09-14 23:00:00+00:00,23,6,1,shoulder,,,,,,,,,,,,,,,,,,,,,,QLD1,43.44009076725037,5664.075060730456
2025-09-14 23:30:00+00:00,23,6,1,shoulder,,,,,,,,,,,,,,,,,,,,,,QLD1,38.069462857958655,6303.6052946962855
2025-09-15 00:00:00+00:00,0,0,0,other,,,,,,,,,,,,,,,,,,,,,,QLD1,48.75485176155072,7027.938217612515
2025-09-15 00:30:00+00:00,0,0,0,other,,,,,,,,,,,,,,,,,,,,,,QLD1,46.738561955637934,7017.987457493708
2025-09-15 01:00:00+00:00,1,0,0,other,,,,,,,,,,,,,,,,,,,,,,QLD1,47.434805100522496,4326.17365192602
2025-09-15 01:30:00+00:00,1,0,0,other,,,,,,,,,,,,,,,,,,,,,,QLD1,52.736637518245786,4238.76422469324
2025-09-15 02:00:00+00:00,2,0,0,other,,,,,,,,,,,,,,,,,,,,,,QLD1,48.29249598207534,3893.459065187159
2025-09-15 02:30:00+00:00,2,0,0,other,,,,,,,,,,,,,,,,,,,,,,QLD1,39.12889722697142,4232.263256154391
2025-09-15 03:00:00+00:00,3,0,0,other,,,,,,,,,,,,,,,,,,,,,,QLD1,40.72863179580394,4456.028738653706
2025-09-15 03:30:00+00:00,3,0,0,other,,,,,,,,,,,,,,,,,,,,,,QLD1,48.33344434017693,4159.767014867692
2025-09-15 04:00:00+00:00,4,0,0,other,,,,,,,,,,,,,,,,,,,,,,QLD1,47.8817756367441,4272.679742357933
2025-09-15 04:30:00+00:00,4,0,0,other,,,,,,,,,,,,,,,,,,,,,,QLD1,44.75244757676384,4172.321262577309
2025-09-15 05:00:00+00:00,5,0,0,other,,,,,,,,,,,,,,,,,,,,,,QLD1,47.34580692248366,4524.928226699397
2025-09-15 05:30:00+00:00,5,0,0,other,,,,,,,,,,,,,,,,,,,,,,QLD1,44.53622644097142,3780.1500775242807
2025-09-15 06:00:00+00:00,6,0,0,shoulder,,,,,,,,,,,,,,,,,,,,,,QLD1,50.408858942271664,6578.653590912587
2025-09-15 06:30:00+00:00,6,0,0,shoulder,,,,,,,,,,,,,,,,,,,,,,QLD1,44.04701277214798,7192.864137546415
2025-09-15 07:00:00+00:00,7,0,0,peak,,,,,,,,,,,,,,,,,,,,,,QLD1,72.44937271901391,9152.78269863323
2025-09-15 07:30:00+00:00,7,0,0,peak,,,,,,,,,,,,,,,,,,,,,,QLD1,54.00688800237342,9490.16248813427
2025-09-15 08:00:00+00:00,8,0,0,peak,,,,,,,,,,,,,,,,,,,,,,QLD1,81.44592016299637,9755.425932276128
2025-09-15 08:30:00+00:00,8,0,0,peak,,,,,,,,,,,,,,,,,,,,,,QLD1,71.25780583217575,8964.320514933393
2025-09-15 09:00:00+00:00,9,0,0,peak,,,,,,,,,,,,,,,,,,,,,,QLD1,78.48645401813137,9666.66252882101
2025-09-15 09:30:00+00:00,9,0,0,peak,,,,,,,,,,,,,,,,,,,,,,QLD1,63.67082681368871,8650.722591130545
2025-09-15 10:00:00+00:00,10,0,0,other,,,,,,,,,,,,,,,,,,,,,,QLD1,46.73284781414001,6484.141817718448
2025-09-15 10:30:00+00:00,10,0,0,other,,,,,,,,,,,,,,,,,,,,,,QLD1,47.88663548725514,7059.017006113083
2025-09-15 11:00:00+00:00,11,0,0,other,,,,,,,,,,,,,,,,,,,,,,QLD1,51.074439709195815,7225.144621306295
2025-09-15 11:30:00+00:00,11,0,0,other,,,,,,,,,,,,,,,,,,,,,,QLD1,45.59251348211014,6881.5645114822555
2025-09-15 12:00:00+00:00,12,0,0,other,,,,,,,,,,,,,,,,,,,,,,QLD1,55.2933078970747,6654.300282468151
2025-09-15 12:30:00+00:00,12,0,0,other,,,,,,,,,,,,,,,,,,,,,,QLD1,55.22332615464235,7468.286098058302
2025-09-15 13:00:00+00:00,13,0,0,other,,,,,,,,,,,,,,,,,,,,,,QLD1,51.05269948070337,7014.695642172511
2025-09-15 13:30:00+00:00,13,0,0,other,,,,,,,,,,,,,,,,,,,,,,QLD1,55.924419600516664,6790.240964711023
2025-09-15 14:00:00+00:00,14,0,0,other,,,,,,,,,,,,,,,,,,,,,,QLD1,40.58378736875044,6946.8307165031665
2025-09-15 14:30:00+00:00,14,0,0,other,,,,,,,,,,,,,,,,,,,,,,QLD1,45.44515650533315,7375.500431717444
2025-09-15 15:00:00+00:00,15,0,0,other,,,,,,,,,,,,,,,,,,,,,,QLD1,48.566276534022016,7037.326079936279
2025-09-15 15:30:00+00:00,15,0,0,other,,,,,,,,,,,,,,,,,,,,,,QLD1,50.81906883531263,7113.597841860058
2025-09-15 16:00:00+00:00,16,0,0,other,,,,,,,,,,,,,,,,,,,,,,QLD1,50.12902789605155,7324.6983672338565
2025-09-15 16:30:00+00:00,16,0,0,other,,,,,,,,,,,,,,,,,,,,,,QLD1,57.60263471964586,6663.186481629374
2025-09-15 17:00:00+00:00,17,0,0,peak,,,,,,,,,,,,,,,,,,,,,,QLD1,74.71619604355105,8791.578385514793
2025-09-15 17:30:00+00:00,17,0,0,peak,,,,,,,,,,,,,,,,,,,,,,QLD1,71.57428814956673,9022.737195717382
2025-09-15 18:00:00+00:00,18,0,0,peak,,,,,,,,,,,,,,,,,,,,,,QLD1,75.74208912321254,8974.359998794256
2025-09-15 18:30:00+00:00,18,0,0,peak,,,,,,,,,,,,,,,,,,,,,,QLD1,69.72483538764881,7687.486275811884
2025-09-15 19:00:00+00:00,19,0,0,peak,,,,,,,,,,,,,,,,,,,,,,QLD1,70.85318042827477,9409.092527458382
2025-09-15 19:30:00+00:00,19,0,0,peak,,,,,,,,,,,,,,,,,,,,,,QLD1,69.71220093596932,8874.328510591999
2025-09-15 20:00:00+00:00,20,0,0,peak,,,,,,,,,,,,,,,,,,,,,,QLD1,65.23739493602429,8988.316395179761
2025-09-15 20:30:00+00:00,20,0,0,peak,,,,,,,,,,,,,,,,,,,,,,QLD1,72.98820231234495,9455.815910257876
2025-09-15 21:00:00+00:00,21,0,0,peak,,,,,,,,,,,,,,,,,,,,,,QLD1,69.8000547929506,9380.09933356386
2025-09-15 21:30:00+00:00,21,0,0,peak,,,,,,,,,,,,,,,,,,,,,,QLD1,73.33088510345031,8543.278807150038
2025-09-15 22:00:00+00:00,22,0,0,shoulder,,,,,,,,,,,,,,,,,,,,,,QLD1,55.982559790592305,7301.690123298918
2025-09-15 22:30:00+00:00,22,0,0,shoulder,,,,,,,,,,,,,,,,,,,,,,QLD1,53.27288938097839,7197.389726900057
2025-09-15 23:00:00+00:00,23,0,0,shoulder,,,,,,,,,,,,,,,,,,,,,,QLD1,45.73209191521084,6917.499178637256
2025-09-15 23:30:00+00:00,23,0,0,shoulder,,,,,,,,,,,,,,,,,,,,,,QLD1,46.7495704032806,6927.7334907178265
2025-09-16 00:00:00+00:00,0,1,0,other,,,,,,,,,,,,,,,,,,,,,,QLD1,49.34848840881007,6923.8500844022155
2025-09-16 00:30:00+00:00,0,1,0,other,,,,,,,,,,,,,,,,,,,,,,QLD1,51.61241312221706,7356.72797528068
2025-09-16 01:00:00+00:00,1,1,0,other,,,,,,,,,,,,,,,,,,,,,,QLD1,46.162831285382055,4236.605784011702
2025-09-16 01:30:00+00:00,1,1,0,other,,,,,,,,,,,,,,,,,,,,,,QLD1,51.1373875420567,4005.8305184126402
2025-09-16 02:00:00+00:00,2,1,0,other,,,,,,,,,,,,,,,,,,,,,,QLD1,43.417658595923584,3998.450397226877
2025-09-16 02:30:00+00:00,2,1,0,other,,,,,,,,,,,,,,,,,,,,,,QLD1,45.74127791384755,4347.81893663916
2025-09-16 03:00:00+00:00,3,1,0,other,,,,,,,,,,,,,,,,,,,,,,QLD1,52.71988339280207,4550.282763726206
2025-09-16 03:30:00+00:00,3,1,0,other,,,,,,,,,,,,,,,,,,,,,,QLD1,47.291542400387065,4424.777553736194
2025-09-16 04:00:00+00:00,4,1,0,other,,,,,,,,,,,,,,,,,,,,,,QLD1,55.23128051912993,4374.979616954773
2025-09-16 04:30:00+00:00,4,1,0,other,,,,,,,,,,,,,,,,,,,,,,QLD1,46.30821799158352,4482.551749909139
2025-09-16 05:00:00+00:00,5,1,0,other,,,,,,,,,,,,,,,,,,,,,,QLD1,44.44037587163869,4127.6991825945715
2025-09-16 05:30:00+00:00,5,1,0,other,,,,,,,,,,,,,,,,,,,,,,QLD1,39.77871977444208,4126.444902499047
2025-09-16 06:00:00+00:00,6,1,0,shoulder,,,,,,,,,,,,,,,,,,,,,,QLD1,44.277079371303216,7749.051203747339
2025-09-16 06:30:00+00:00,6,1,0,shoulder,,,,,,,,,,,,,,,,,,,,,,QLD1,48.979402496524905,6907.321811326386
2025-09-16 07:00:00+00:00,7,1,0,peak,,,,,,,,,,,,,,,,,,,,,,QLD1,71.9688813770606,8970.00866259799
2025-09-16 07:30:00+00:00,7,1,0,peak,,,,,,,,,,,,,,,,,,,,,,QLD1,59.058755805710625,8017.590264228185
2025-09-16 08:00:00+00:00,8,1,0,peak,,,,,,,,,,,,,,,,,,,,,,QLD1,62.23787375171589,8382.972691411242
2025-09-16 08:30:00+00:00,8,1,0,peak,,,,,,,,,,,,,,,,,,,,,,QLD1,77.4951893811876,9305.849686801765
2025-09-16 09:00:00+00:00,9,1,0,peak,,,,,,,,,,,,,,,,,,,,,,QLD1,73.5717700591985,7951.746188013609
2025-09-16 09:30:00+00:00,9,1,0,peak,,,,,,,,,,,,,,,,,,,,,,QLD1,78.26480560742013,9148.631410703096
2025-09-16 10:00:00+00:00,10,1,0,other,,,,,,,,,,,,,,,,,,,,,,QLD1,52.094761436994986,7395.88276534745
2025-09-16 10:30:00+00:00,10,1,0,other,,,,,,,,,,,,,,,,,,,,,,QLD1,50.1744084444279,7237.95170797577
2025-09-16 11:00:00+00:00,11,1,0,other,,,,,,,,,,,,,,,,,,,,,,QLD1,42.39703682765284,6827.431838517535
2025-09-16 11:30:00+00:00,11,1,0,other,,,,,,,,,,,,,,,,,,,,,,QLD1,43.42952770645794,7074.65025189566
2025-09-16 12:00:00+00:00,12,1,0,other,,,,,,,,,,,,,,,,,,,,,,QLD1,38.50874268561831,7500.466691147207
2025-09-16 12:30:00+00:00,12,1,0,other,,,,,,,,,,,,,,,,,,,,,,QLD1,59.47437691459967,7055.294870263834
2025-09-16 13:00:00+00:00,13,1,0,other,,,,,,,,,,,,,,,,,,,,,,QLD1,48.975656524402744,7548.6261048621145
2025-09-16 13:30:00+00:00,13,1,0,other,,,,,,,,,,,,,,,,,,,,,,QLD1,57.67122024905127,7127.287717939746
2025-09-16 14:00:00+00:00,14,1,0,other,,,,,,,,,,,,,,,,,,,,,,QLD1,50.11867716846993,6775.522511433337
2025-09-16 14:30:00+00:00,14,1,0,other,,,,,,,,,,,,,,,,,,,,,,QLD1,61.54823958064881,6959.901865296977
2025-09-16 15:00:00+00:00,15,1,0,other,,,,,,,,,,,,,,,,,,,,,,QLD1,43.916254814823155,7356.573725661016
2025-09-16 15:30:00+00:00,15,1,0,other,,,,,,,,,,,,,,,,,,,,,,QLD1,49.29905750780006,7373.559610608683
2025-09-16 16:00:00+00:00,16,1,0,other,,,,,,,,,,,,,,,,,,,,,,QLD1,52.33943863685625,6889.973462853754
2025-09-16 16:30:00+00:00,16,1,0,other,,,,,,,,,,,,,,,,,,,,,,QLD1,46.43342077593008,7034.907207914505
2025-09-16 17:00:00+00:00,17,1,0,peak,,,,,,,,,,,,,,,,,,,,,,QLD1,79.3679254664448,8492.446905821082
2025-09-16 17:30:00+00:00,17,1,0,peak,,,,,,,,,,,,,,,,,,,,,,QLD1,75.89562349404184,8718.095581731404
2025-09-16 18:00:00+00:00,18,1,0,peak,,,,,,,,,,,,,,,,,,,,,,QLD1,68.84579982654665,8452.133839237778
2025-09-16 18:30:00+00:00,18,1,0,peak,,,,,,,,,,,,,,,,,,,,,,QLD1,66.39065088002845,9330.699201456657
2025-09-16 19:00:00+00:00,19,1,0,peak,,,,,,,,,,,,,,,,,,,,,,QLD1,71.33663859013836,9332.934551349801
2025-09-16 19:30:00+00:00,19,1,0,peak,,,,,,,,,,,,,,,,,,,,,,QLD1,67.77938210125588,9897.383525598847
2025-09-16 20:00:00+00:00,20,1,0,peak,,,,,,,,,,,,,,,,,,,,,,QLD1,68.12336041968514,9323.311843639744
2025-09-16 20:30:00+00:00,20,1,0,peak,,,,,,,,,,,,,,,,,,,,,,QLD1,74.67773637889897,9163.371643440505
2025-09-16 21:00:00+00:00,21,1,0,peak,,,,,,,,,,,,,,,,,,,,,,QLD1,65.25822070193377,8557.807561054731
2025-09-16 21:30:00+00:00,21,1,0,peak,,,,,,,,,,,,,,,,,,,,,,QLD1,69.97871411887358,9057.486771826707
2025-09-16 22:00:00+00:00,22,1,0,shoulder,,,,,,,,,,,,,,,,,,,,,,QLD1,54.653082499406224,7095.204710651463
2025-09-16 22:30:00+00:00,22,1,0,shoulder,,,,,,,,,,,,,,,,,,,,,,QLD1,49.87900457286823,7121.466863042252
2025-09-16 23:00:00+00:00,23,1,0,shoulder,,,,,,,,,,,,,,,,,,,,,,QLD1,49.98357911306827,7271.268657637988
2025-09-16 23:30:00+00:00,23,1,0,shoulder,,,,,,,,,,,,,,,,,,,,,,QLD1,48.18576263235734,6594.888178236977
2025-09-17 00:00:00+00:00,0,2,0,other,,,,,,,,,,,,,,,,,,,,,,QLD1,51.5410031360507,7017.687645107745
2025-09-17 00:30:00+00:00,0,2,0,other,,,,,,,,,,,,,,,,,,,,,,QLD1,48.72638728847158,6952.9762287667345
2025-09-17 01:00:00+00:00,1,2,0,other,,,,,,,,,,,,,,,,,,,,,,QLD1,49.09273168909163,4349.4113122180825
2025-09-17 01:30:00+00:00,1,2,0,other,,,,,,,,,,,,,,,,,,,,,,QLD1,54.99240272188931,3978.4206871578253
2025-09-17 02:00:00+00:00,2,2,0,other,,,,,,,,,,,,,,,,,,,,,,QLD1,46.15597829762036,3967.7047048924615
2025-09-17 02:30:00+00:00,2,2,0,other,,,,,,,,,,,,,,,,,,,,,,QLD1,46.712679844337565,4319.187947634711
2025-09-17 03:00:00+00:00,3,2,0,other,,,,,,,,,,,,,,,,,,,,,,QLD1,48.53536983415669,4320.880713720945
2025-09-17 03:30:00+00:00,3,2,0,other,,,,,,,,,,,,,,,,,,,,,,QLD1,42.276191616643324,4123.387627203763
2025-09-17 04:00:00+00:00,4,2,0,other,,,,,,,,,,,,,,,,,,,,,,QLD1,46.32146935266114,4081.268900297682
2025-09-17 04:30:00+00:00,4,2,0,other,,,,,,,,,,,,,,,,,,,,,,QLD1,48.99603823281575,4063.9344448092725
2025-09-17 05:00:00+00:00,5,2,0,other,,,,,,,,,,,,,,,,,,,,,,QLD1,55.030831818458225,4448.435844980122
2025-09-17 05:30:00+00:00,5,2,0,other,,,,,,,,,,,,,,,,,,,,,,QLD1,48.7529700678764,4129.236774339726
2025-09-17 06:00:00+00:00,6,2,0,shoulder,,,,,,,,,,,,,,,,,,,,,,QLD1,52.95468165756843,7090.443217088303
2025-09-17 06:30:00+00:00,6,2,0,shoulder,,,,,,,,,,,,,,,,,,,,,,QLD1,52.038199644082795,7291.066174829753
2025-09-17 07:00:00+00:00,7,2,0,peak,,,,,,,,,,,,,,,,,,,,,,QLD1,66.67458988844437,8630.811561527122
2025-09-17 07:30:00+00:00,7,2,0,peak,,,,,,,,,,,,,,,,,,,,,,QLD1,80.82946912950476,9166.727526041612
2025-09-17 08:00:00+00:00,8,2,0,peak,,,,,,,,,,,,,,,,,,,,,,QLD1,74.19376356536618,9783.45829655234
2025-09-17 08:30:00+00:00,8,2,0,peak,,,,,,,,,,,,,,,,,,,,,,QLD1,64.2379333059387,9063.166213669492
2025-09-17 09:00:00+00:00,9,2,0,peak,,,,,,,,,,,,,,,,,,,,,,QLD1,66.17066220609121,8551.154548433198
2025-09-17 09:30:00+00:00,9,2,0,peak,,,,,,,,,,,,,,,,,,,,,,QLD1,74.3811502611987,8292.238752622146
2025-09-17 10:00:00+00:00,10,2,0,other,,,,,,,,,,,,,,,,,,,,,,QLD1,60.80828691286363,6905.209009120616
2025-09-17 10:30:00+00:00,10,2,0,other,,,,,,,,,,,,,,,,,,,,,,QLD1,54.67350009390467,7687.138809036073
2025-09-17 11:00:00+00:00,11,2,0,other,,,,,,,,,,,,,,,,,,,,,,QLD1,49.88245173944021,6200.4779327362485
2025-09-17 11:30:00+00:00,11,2,0,other,,,,,,,,,,,,,,,,,,,,,,QLD1,52.60515693694874,6679.553051247884
2025-09-17 12:00:00+00:00,12,2,0,other,,,,,,,,,,,,,,,,,,,,,,QLD1,51.94690753681234,6538.588276415779
2025-09-17 12:30:00+00:00,12,2,0,other,,,,,,,,,,,,,,,,,,,,,,QLD1,51.21120660398415,6576.637438862539
2025-09-17 13:00:00+00:00,13,2,0,other,,,,,,,,,,,,,,,,,,,,,,QLD1,55.91923624187973,7295.837485616754
2025-09-17 13:30:00+00:00,13,2,0,other,,,,,,,,,,,,,,,,,,,,,,QLD1,52.90657539453005,6812.932307310521
2025-09-17 14:00:00+00:00,14,2,0,other,,,,,,,,,,,,,,,,,,,,,,QLD1,51.9348703673713,6750.023121479793
2025-09-17 14:30:00+00:00,14,2,0,other,,,,,,,,,,,,,,,,,,,,,,QLD1,48.33421686264497,7028.309655246086
2025-09-17 15:00:00+00:00,15,2,0,other,,,,,,,,,,,,,,,,,,,,,,QLD1,51.21212359852566,6819.869277408093
2025-09-17 15:30:00+00:00,15,2,0,other,,,,,,,,,,,,,,,,,,,,,,QLD1,50.458302247704246,6624.272001322502
2025-09-17 16:00:00+00:00,16,2,0,other,,,,,,,,,,,,,,,,,,,,,,QLD1,52.81333174979217,6741.083949255231
2025-09-17 16:30:00+00:00,16,2,0,other,,,,,,,,,,,,,,,,,,,,,,QLD1,51.075177470844125,7158.385882007133
2025-09-17 17:00:00+00:00,17,2,0,peak,,,,,,,,,,,,,,,,,,,,,,QLD1,70.0302539566624,9204.83544300252
2025-09-17 17:30:00+00:00,17,2,0,peak,,,,,,,,,,,,,,,,,,,,,,QLD1,66.30895778017334,9220.414182719735
2025-09-17 18:00:00+00:00,18,2,0,peak,,,,,,,,,,,,,,,,,,,,,,QLD1,73.70403128141764,10065.189929526749
2025-09-17 18:30:00+00:00,18,2,0,peak,,,,,,,,,,,,,,,,,,,,,,QLD1,71.91323673294109,10034.749129033746
2025-09-17 19:00:00+00:00,19,2,0,peak,,,,,,,,,,,,,,,,,,,,,,QLD1,75.09266178751146,9239.226111291195
2025-09-17 19:30:00+00:00,19,2,0,peak,,,,,,,,,,,,,,,,,,,,,,QLD1,67.55053064370742,8997.667531454097
2025-09-17 20:00:00+00:00,20,2,0,peak,,,,,,,,,,,,,,,,,,,,,,QLD1,70.08476898472676,9001.370376096544
2025-09-17 20:30:00+00:00,20,2,0,peak,,,,,,,,,,,,,,,,,,,,,,QLD1,66.65728518513318,8560.24612499218
2025-09-17 21:00:00+00:00,21,2,0,peak,,,,,,,,,,,,,,,,,,,,,,QLD1,65.98659245119475,9030.360365890412
2025-09-17 21:30:00+00:00,21,2,0,peak,,,,,,,,,,,,,,,,,,,,,,QLD1,70.64704697707921,8775.898520329001
2025-09-17 22:00:00+00:00,22,2,0,shoulder,,,,,,,,,,,,,,,,,,,,,,QLD1,49.199476589125126,7374.061315493513
2025-09-17 22:30:00+00:00,22,2,0,shoulder,,,,,,,,,,,,,,,,,,,,,,QLD1,55.602895587851776,6949.265774716607
2025-09-17 23:00:00+00:00,23,2,0,shoulder,,,,,,,,,,,,,,,,,,,,,,QLD1,57.43882762112551,7146.576416440685
2025-09-17 23:30:00+00:00,23,2,0,shoulder,,,,,,,,,,,,,,,,,,,,,,QLD1,54.258686562411306,7003.266923758882
2025-09-18 00:00:00+00:00,0,3,0,other,,,,,,,,,,,,,,,,,,,,,,QLD1,51.10268965578696,6915.851064963327
