datetime,hour,day_of_week,is_weekend,peak_period,temp_c,rh_pct,rain_mm,sunshine_sec,shortwave_wm2,wind_speed_ms,temp_bin,spike_flag,compound_highTemp_lowSolar_peakHour,RRP_lag_1h,RRP_lag_12h,RRP_lag_24h,TOTALDEMAND_lag_1h,TOTALDEMAND_lag_12h,TOTALDEMAND_lag_24h,RRP_rolling_3h,RRP_rolling_6h,RRP_rolling_24h,TOTALDEMAND_rolling_3h,TOTALDEMAND_rolling_6h,TOTALDEMAND_rolling_24h,region,forecast_price,forecast_demand
2025-09-11 00:30:00+00:00,0,3,0,other,,,,,,,,,,,,,,,,,,,,,,NSW1,46.15372437053479,8073.016105426154
2025-09-11 01:00:00+00:00,1,3,0,other,,,,,,,,,,,,,,,,,,,,,,NSW1,66.6904208790433,4974.867122092291
2025-09-11 01:30:00+00:00,1,3,0,other,,,,,,,,,,,,,,,,,,,,,,NSW1,56.3082479956047,4756.284249686879
2025-09-11 02:00:00+00:00,2,3,0,other,,,,,,,,,,,,,,,,,,,,,,NSW1,64.26010225311266,4971.683619465475
2025-09-11 02:30:00+00:00,2,3,0,other,,,,,,,,,,,,,,,,,,,,,,NSW1,68.78794502911254,4714.84335587782
2025-09-11 03:00:00+00:00,3,3,0,other,,,,,,,,,,,,,,,,,,,,,,NSW1,80.77967727768828,5116.029262574815
2025-09-11 03:30:00+00:00,3,3,0,other,,,,,,,,,,,,,,,,,,,,,,NSW1,59.05063801663129,4669.842824456461
2025-09-11 04:00:00+00:00,4,3,0,other,,,,,,,,,,,,,,,,,,,,,,NSW1,56.57400966202463,4685.930764693779
2025-09-11 04:30:00+00:00,4,3,0,other,,,,,,,,,,,,,,,,,,,,,,NSW1,68.46296571986238,5084.389195349256
2025-09-11 05:00:00+00:00,5,3,0,other,,,,,,,,,,,,,,,,,,,,,,NSW1,65.41213370590553,4926.563953915152
2025-09-11 05:30:00+00:00,5,3,0,other,,,,,,,,,,,,,,,,,,,,,,NSW1,49.50418317472876,5003.813626503613
2025-09-11 06:00:00+00:00,6,3,0,shoulder,,,,,,,,,,,,,,,,,,,,,,NSW1,64.49335649234557,7948.401775982118
2025-09-11 06:30:00+00:00,6,3,0,shoulder,,,,,,,,,,,,,,,,,,,,,,NSW1,60.197670604428666,8448.638450879775
2025-09-11 07:00:00+00:00,7,3,0,peak,,,,,,,,,,,,,,,,,,,,,,NSW1,146.75994831863377,10989.915951355159
2025-09-11 07:30:00+00:00,7,3,0,peak,,,,,,,,,,,,,,,,,,,,,,NSW1,157.44315453242203,11052.595139648358
2025-09-11 08:00:00+00:00,8,3,0,peak,,,,,,,,,,,,,,,,,,,,,,NSW1,230.33838853200592,11887.198698980976
2025-09-11 08:30:00+00:00,8,3,0,peak,,,,,,,,,,,,,,,,,,,,,,NSW1,137.12834445333033,10930.337843842983
2025-09-11 09:00:00+00:00,9,3,0,peak,,,,,,,,,,,,,,,,,,,,,,NSW1,207.4531935399226,9622.624841838402
2025-09-11 09:30:00+00:00,9,3,0,peak,,,,,,,,,,,,,,,,,,,,,,NSW1,187.76993421234263,11125.702417960783
2025-09-11 10:00:00+00:00,10,3,0,other,,,,,,,,,,,,,,,,,,,,,,NSW1,76.94765393746958,9131.797529140373
2025-09-11 10:30:00+00:00,10,3,0,other,,,,,,,,,,,,,,,,,,,,,,NSW1,55.19751927043396,7984.011220536969
2025-09-11 11:00:00+00:00,11,3,0,other,,,,,,,,,,,,,,,,,,,,,,NSW1,73.10132796792584,7351.9960496510275
2025-09-11 11:30:00+00:00,11,3,0,other,,,,,,,,,,,,,,,,,,,,,,NSW1,55.6972926813937,8343.699979194378
2025-09-11 12:00:00+00:00,12,3,0,other,,,,,,,,,,,,,,,,,,,,,,NSW1,62.82894658966932,7936.380182535899
2025-09-11 12:30:00+00:00,12,3,0,other,,,,,,,,,,,,,,,,,,,,,,NSW1,55.17526379824324,7816.169102644975
2025-09-11 13:00:00+00:00,13,3,0,other,,,,,,,,,,,,,,,,,,,,,,NSW1,68.81041611969336,7640.329988229957
2025-09-11 13:30:00+00:00,13,3,0,other,,,,,,,,,,,,,,,,,,,,,,NSW1,54.99147466897765,8321.33760214359
2025-09-11 14:00:00+00:00,14,3,0,other,,,,,,,,,,,,,,,,,,,,,,NSW1,66.77367830187181,8673.613051778473
2025-09-11 14:30:00+00:00,14,3,0,other,,,,,,,,,,,,,,,,,,,,,,NSW1,60.450667449720555,7334.130418307332
2025-09-11 15:00:00+00:00,15,3,0,other,,,,,,,,,,,,,,,,,,,,,,NSW1,63.21967222824647,7961.295824295196
2025-09-11 15:30:00+00:00,15,3,0,other,,,,,,,,,,,,,,,,,,,,,,NSW1,63.150000419803014,6714.898432137676
2025-09-11 16:00:00+00:00,16,3,0,other,,,,,,,,,,,,,,,,,,,,,,NSW1,54.467098035474045,8278.527410830035
2025-09-11 16:30:00+00:00,16,3,0,other,,,,,,,,,,,,,,,,,,,,,,NSW1,58.74571691800106,8463.03547582156
2025-09-11 17:00:00+00:00,17,3,0,peak,,,,,,,,,,,,,,,,,,,,,,NSW1,148.16994322939019,9708.874635390686
2025-09-11 17:30:00+00:00,17,3,0,peak,,,,,,,,,,,,,,,,,,,,,,NSW1,157.20210860199967,9858.305549202452
2025-09-11 18:00:00+00:00,18,3,0,peak,,,,,,,,,,,,,,,,,,,,,,NSW1,150.23300519470814,11609.72729020982
2025-09-11 18:30:00+00:00,18,3,0,peak,,,,,,,,,,,,,,,,,,,,,,NSW1,207.4472137853519,10656.854481837741
2025-09-11 19:00:00+00:00,19,3,0,peak,,,,,,,,,,,,,,,,,,,,,,NSW1,174.9899678232667,10468.929683547098
2025-09-11 19:30:00+00:00,19,3,0,peak,,,,,,,,,,,,,,,,,,,,,,NSW1,209.7777939096785,10651.51336523925
2025-09-11 20:00:00+00:00,20,3,0,peak,,,,,,,,,,,,,,,,,,,,,,NSW1,161.22185241738595,10342.080092670923
2025-09-11 20:30:00+00:00,20,3,0,peak,,,,,,,,,,,,,,,,,,,,,,NSW1,177.25097788970547,11250.38057639724
2025-09-11 21:00:00+00:00,21,3,0,peak,,,,,,,,,,,,,,,,,,,,,,NSW1,168.7698787896277,10604.8823326405
2025-09-11 21:30:00+00:00,21,3,0,peak,,,,,,,,,,,,,,,,,,,,,,NSW1,171.2688450461449,9890.000635457172
2025-09-11 22:00:00+00:00,22,3,0,shoulder,,,,,,,,,,,,,,,,,,,,,,NSW1,76.5697768729693,8213.83553979892
2025-09-11 22:30:00+00:00,22,3,0,shoulder,,,,,,,,,,,,,,,,,,,,,,NSW1,72.38985973910034,8474.236150225963
2025-09-11 23:00:00+00:00,23,3,0,shoulder,,,,,,,,,,,,,,,,,,,,,,NSW1,63.970002200643236,8684.954200408507
2025-09-11 23:30:00+00:00,23,3,0,shoulder,,,,,,,,,,,,,,,,,,,,,,NSW1,72.4028839359438,7849.700213328784
2025-09-12 00:00:00+00:00,0,4,0,other,,,,,,,,,,,,,,,,,,,,,,NSW1,67.07602799229419,7865.91819086734
2025-09-12 00:30:00+00:00,0,4,0,other,,,,,,,,,,,,,,,,,,,,,,NSW1,67.60744728594712,7919.445836962194
2025-09-12 01:00:00+00:00,1,4,0,other,,,,,,,,,,,,,,,,,,,,,,NSW1,51.99307762419941,4665.457511510926
2025-09-12 01:30:00+00:00,1,4,0,other,,,,,,,,,,,,,,,,,,,,,,NSW1,62.574397977952046,5028.877486929169
2025-09-12 02:00:00+00:00,2,4,0,other,,,,,,,,,,,,,,,,,,,,,,NSW1,59.17846406199734,4687.805907139491
2025-09-12 02:30:00+00:00,2,4,0,other,,,,,,,,,,,,,,,,,,,,,,NSW1,82.86918922193703,4814.8088898674105
2025-09-12 03:00:00+00:00,3,4,0,other,,,,,,,,,,,,,,,,,,,,,,NSW1,67.93053642767954,5125.498086117789
2025-09-12 03:30:00+00:00,3,4,0,other,,,,,,,,,,,,,,,,,,,,,,NSW1,62.15078554245724,4980.496094694072
2025-09-12 04:00:00+00:00,4,4,0,other,,,,,,,,,,,,,,,,,,,,,,NSW1,66.59035712875063,5291.220036973418
2025-09-12 04:30:00+00:00,4,4,0,other,,,,,,,,,,,,,,,,,,,,,,NSW1,66.75042688826736,5330.95094376449
2025-09-12 05:00:00+00:00,5,4,0,other,,,,,,,,,,,,,,,,,,,,,,NSW1,57.38256031789637,4909.530480795846
2025-09-12 05:30:00+00:00,5,4,0,other,,,,,,,,,,,,,,,,,,,,,,NSW1,59.6567682750559,5681.05843135096
2025-09-12 06:00:00+00:00,6,4,0,shoulder,,,,,,,,,,,,,,,,,,,,,,NSW1,74.1034515453749,7426.51608196693
2025-09-12 06:30:00+00:00,6,4,0,shoulder,,,,,,,,,,,,,,,,,,,,,,NSW1,64.14816521401838,8898.905169924057
2025-09-12 07:00:00+00:00,7,4,0,peak,,,,,,,,,,,,,,,,,,,,,,NSW1,163.27422419168315,9999.464358398825
2025-09-12 07:30:00+00:00,7,4,0,peak,,,,,,,,,,,,,,,,,,,,,,NSW1,190.76502985535194,9743.494830165679
2025-09-12 08:00:00+00:00,8,4,0,peak,,,,,,,,,,,,,,,,,,,,,,NSW1,149.04841460170545,11197.787809653764
2025-09-12 08:30:00+00:00,8,4,0,peak,,,,,,,,,,,,,,,,,,,,,,NSW1,236.29357149861627,10473.896564495135
2025-09-12 09:00:00+00:00,9,4,0,peak,,,,,,,,,,,,,,,,,,,,,,NSW1,232.2433842224197,11537.099048944836
2025-09-12 09:30:00+00:00,9,4,0,peak,,,,,,,,,,,,,,,,,,,,,,NSW1,142.33082424997824,10510.174133138835
2025-09-12 10:00:00+00:00,10,4,0,other,,,,,,,,,,,,,,,,,,,,,,NSW1,57.2694909086392,8896.524271959364
2025-09-12 10:30:00+00:00,10,4,0,other,,,,,,,,,,,,,,,,,,,,,,NSW1,53.99366470278547,7322.368042414548
2025-09-12 11:00:00+00:00,11,4,0,other,,,,,,,,,,,,,,,,,,,,,,NSW1,59.39357382919294,7391.063914925688
2025-09-12 11:30:00+00:00,11,4,0,other,,,,,,,,,,,,,,,,,,,,,,NSW1,54.49608803664837,7225.544869729003
2025-09-12 12:00:00+00:00,12,4,0,other,,,,,,,,,,,,,,,,,,,,,,NSW1,60.021090245309956,8136.190277009928
2025-09-12 12:30:00+00:00,12,4,0,other,,,,,,,,,,,,,,,,,,,,,,NSW1,66.81862100277976,8057.299965304639
2025-09-12 13:00:00+00:00,13,4,0,other,,,,,,,,,,,,,,,,,,,,,,NSW1,45.008349031647995,9113.573229351145
2025-09-12 13:30:00+00:00,13,4,0,other,,,,,,,,,,,,,,,,,,,,,,NSW1,68.62074657221656,7951.306626047069
2025-09-12 14:00:00+00:00,14,4,0,other,,,,,,,,,,,,,,,,,,,,,,NSW1,72.29525857425186,7831.338048563103
2025-09-12 14:30:00+00:00,14,4,0,other,,,,,,,,,,,,,,,,,,,,,,NSW1,73.60706837313516,7671.797420339513
2025-09-12 15:00:00+00:00,15,4,0,other,,,,,,,,,,,,,,,,,,,,,,NSW1,60.438994169590835,7330.9309199686095
2025-09-12 15:30:00+00:00,15,4,0,other,,,,,,,,,,,,,,,,,,,,,,NSW1,74.11178244730944,8432.31903812412
2025-09-12 16:00:00+00:00,16,4,0,other,,,,,,,,,,,,,,,,,,,,,,NSW1,63.34396326055152,8356.510876115392
2025-09-12 16:30:00+00:00,16,4,0,other,,,,,,,,,,,,,,,,,,,,,,NSW1,75.79637117215168,8141.776441183913
2025-09-12 17:00:00+00:00,17,4,0,peak,,,,,,,,,,,,,,,,,,,,,,NSW1,122.68070935717232,10697.498085237425
2025-09-12 17:30:00+00:00,17,4,0,peak,,,,,,,,,,,,,,,,,,,,,,NSW1,192.49924084206143,11405.536349366264
2025-09-12 18:00:00+00:00,18,4,0,peak,,,,,,,,,,,,,,,,,,,,,,NSW1,205.3641636967248,10223.660871655722
2025-09-12 18:30:00+00:00,18,4,0,peak,,,,,,,,,,,,,,,,,,,,,,NSW1,168.19478037731113,11087.553720632448
2025-09-12 19:00:00+00:00,19,4,0,peak,,,,,,,,,,,,,,,,,,,,,,NSW1,158.96634428092992,9340.404082134466
2025-09-12 19:30:00+00:00,19,4,0,peak,,,,,,,,,,,,,,,,,,,,,,NSW1,165.82965399731393,10578.910163450408
2025-09-12 20:00:00+00:00,20,4,0,peak,,,,,,,,,,,,,,,,,,,,,,NSW1,188.30202502853456,9616.36807914229
2025-09-12 20:30:00+00:00,20,4,0,peak,,,,,,,,,,,,,,,,,,,,,,NSW1,204.9434862062756,10459.659399040618
2025-09-12 21:00:00+00:00,21,4,0,peak,,,,,,,,,,,,,,,,,,,,,,NSW1,186.98018589247363,8174.945247930321
2025-09-12 21:30:00+00:00,21,4,0,peak,,,,,,,,,,,,,,,,,,,,,,NSW1,126.38909147114025,9860.99989407527
2025-09-12 22:00:00+00:00,22,4,0,shoulder,,,,,,,,,,,,,,,,,,,,,,NSW1,50.61033668938451,8613.717316729677
2025-09-12 22:30:00+00:00,22,4,0,shoulder,,,,,,,,,,,,,,,,,,,,,,NSW1,74.27769883453593,8160.127497167463
2025-09-12 23:00:00+00:00,23,4,0,shoulder,,,,,,,,,,,,,,,,,,,,,,NSW1,69.80840981691534,7728.919848430411
2025-09-12 23:30:00+00:00,23,4,0,shoulder,,,,,,,,,,,,,,,,,,,,,,NSW1,71.74894921617734,7841.545525718368
2025-09-13 00:00:00+00:00,0,5,1,other,,,,,,,,,,,,,,,,,,,,,,NSW1,43.09798876470193,7423.079468796837
2025-09-13 00:30:00+00:00,0,5,1,other,,,,,,,,,,,,,,,,,,,,,,NSW1,56.55672557167924,6929.206653706422
2025-09-13 01:00:00+00:00,1,5,1,other,,,,,,,,,,,,,,,,,,,,,,NSW1,58.82334786978425,4060.658060235653
2025-09-13 01:30:00+00:00,1,5,1,other,,,,,,,,,,,,,,,,,,,,,,NSW1,57.14459156464768,4904.875670007315
2025-09-13 02:00:00+00:00,2,5,1,other,,,,,,,,,,,,,,,,,,,,,,NSW1,46.47759053824778,4033.5577594322563
2025-09-13 02:30:00+00:00,2,5,1,other,,,,,,,,,,,,,,,,,,,,,,NSW1,44.463268558698005,4657.565886158067
2025-09-13 03:00:00+00:00,3,5,1,other,,,,,,,,,,,,,,,,,,,,,,NSW1,47.52347696900818,3886.0343469595996
2025-09-13 03:30:00+00:00,3,5,1,other,,,,,,,,,,,,,,,,,,,,,,NSW1,59.036655648238096,3626.2320657005066
2025-09-13 04:00:00+00:00,4,5,1,other,,,,,,,,,,,,,,,,,,,,,,NSW1,54.702947843986664,3808.8736664173352
2025-09-13 04:30:00+00:00,4,5,1,other,,,,,,,,,,,,,,,,,,,,,,NSW1,36.80538694908301,3989.137000020428
2025-09-13 05:00:00+00:00,5,5,1,other,,,,,,,,,,,,,,,,,,,,,,NSW1,51.88985861458453,4016.5761030076524
2025-09-13 05:30:00+00:00,5,5,1,other,,,,,,,,,,,,,,,,,,,,,,NSW1,52.64108291728402,4459.746334116273
2025-09-13 06:00:00+00:00,6,5,1,shoulder,,,,,,,,,,,,,,,,,,,,,,NSW1,49.3818049112435,6710.667385045769
2025-09-13 06:30:00+00:00,6,5,1,shoulder,,,,,,,,,,,,,,,,,,,,,,NSW1,53.27680466928926,7015.133909642557
2025-09-13 07:00:00+00:00,7,5,1,peak,,,,,,,,,,,,,,,,,,,,,,NSW1,179.85942781308853,9384.813888234594
2025-09-13 07:30:00+00:00,7,5,1,peak,,,,,,,,,,,,,,,,,,,,,,NSW1,136.02634543842197,9507.783148895118
2025-09-13 08:00:00+00:00,8,5,1,peak,,,,,,,,,,,,,,,,,,,,,,NSW1,99.16028462512361,9226.711476604418
2025-09-13 08:30:00+00:00,8,5,1,peak,,,,,,,,,,,,,,,,,,,,,,NSW1,223.32606786519656,8830.148228955666
2025-09-13 09:00:00+00:00,9,5,1,peak,,,,,,,,,,,,,,,,,,,,,,NSW1,135.10390847391872,8929.770780998837
2025-09-13 09:30:00+00:00,9,5,1,peak,,,,,,,,,,,,,,,,,,,,,,NSW1,151.23212154860835,9049.283360828584
2025-09-13 10:00:00+00:00,10,5,1,other,,,,,,,,,,,,,,,,,,,,,,NSW1,49.11375688687882,7773.841113050087
2025-09-13 10:30:00+00:00,10,5,1,other,,,,,,,,,,,,,,,,,,,,,,NSW1,48.83759870028396,6833.029784985852
2025-09-13 11:00:00+00:00,11,5,1,other,,,,,,,,,,,,,,,,,,,,,,NSW1,44.974810476362045,6775.857532217563
2025-09-13 11:30:00+00:00,11,5,1,other,,,,,,,,,,,,,,,,,,,,,,NSW1,34.7850091798012,7201.451788760715
2025-09-13 12:00:00+00:00,12,5,1,other,,,,,,,,,,,,,,,,,,,,,,NSW1,65.68899508247121,7977.699348033536
2025-09-13 12:30:00+00:00,12,5,1,other,,,,,,,,,,,,,,,,,,,,,,NSW1,56.229446700387925,6284.517733012849
2025-09-13 13:00:00+00:00,13,5,1,other,,,,,,,,,,,,,,,,,,,,,,NSW1,55.40430778059337,7656.839128978497
2025-09-13 13:30:00+00:00,13,5,1,other,,,,,,,,,,,,,,,,,,,,,,NSW1,50.96267481993893,6498.007876795818
2025-09-13 14:00:00+00:00,14,5,1,other,,,,,,,,,,,,,,,,,,,,,,NSW1,47.92772651165186,6106.832405944663
2025-09-13 14:30:00+00:00,14,5,1,other,,,,,,,,,,,,,,,,,,,,,,NSW1,45.314527216396776,6851.537422028099
2025-09-13 15:00:00+00:00,15,5,1,other,,,,,,,,,,,,,,,,,,,,,,NSW1,64.4894716149526,7368.507436006284
2025-09-13 15:30:00+00:00,15,5,1,other,,,,,,,,,,,,,,,,,,,,,,NSW1,58.92855247053555,7012.423428473545
2025-09-13 16:00:00+00:00,16,5,1,other,,,,,,,,,,,,,,,,,,,,,,NSW1,53.81664794816369,6782.252024285661
2025-09-13 16:30:00+00:00,16,5,1,other,,,,,,,,,,,,,,,,,,,,,,NSW1,50.4918094619318,7405.724024004195
2025-09-13 17:00:00+00:00,17,5,1,peak,,,,,,,,,,,,,,,,,,,,,,NSW1,143.69133331444766,8948.47369851719
2025-09-13 17:30:00+00:00,17,5,1,peak,,,,,,,,,,,,,,,,,,,,,,NSW1,145.64441407044916,8810.733472776401
2025-09-13 18:00:00+00:00,18,5,1,peak,,,,,,,,,,,,,,,,,,,,,,NSW1,165.98070982100347,8059.911490853039
2025-09-13 18:30:00+00:00,18,5,1,peak,,,,,,,,,,,,,,,,,,,,,,NSW1,123.17545606081686,9035.910096744668
2025-09-13 19:00:00+00:00,19,5,1,peak,,,,,,,,,,,,,,,,,,,,,,NSW1,118.60904691439673,7941.104015757397
2025-09-13 19:30:00+00:00,19,5,1,peak,,,,,,,,,,,,,,,,,,,,,,NSW1,106.87357191380859,8657.187263788237
2025-09-13 20:00:00+00:00,20,5,1,peak,,,,,,,,,,,,,,,,,,,,,,NSW1,160.72733040731217,8548.757371885002
2025-09-13 20:30:00+00:00,20,5,1,peak,,,,,,,,,,,,,,,,,,,,,,NSW1,85.99360712367508,8282.281352244518
2025-09-13 21:00:00+00:00,21,5,1,peak,,,,,,,,,,,,,,,,,,,,,,NSW1,187.20868963278286,8626.869860860925
2025-09-13 21:30:00+00:00,21,5,1,peak,,,,,,,,,,,,,,,,,,,,,,NSW1,152.05114916442062,8980.080917891402
2025-09-13 22:00:00+00:00,22,5,1,shoulder,,,,,,,,,,,,,,,,,,,,,,NSW1,52.0916240139652,6231.078242180103
2025-09-13 22:30:00+00:00,22,5,1,shoulder,,,,,,,,,,,,,,,,,,,,,,NSW1,57.73184828375749,7603.4990995937305
2025-09-13 23:00:00+00:00,23,5,1,shoulder,,,,,,,,,,,,,,,,,,,,,,NSW1,53.27686975015353,6335.411504471796
2025-09-13 23:30:00+00:00,23,5,1,shoulder,,,,,,,,,,,,,,,,,,,,,,NSW1,64.6895529616913,6863.134452870542
2025-09-14 00:00:00+00:00,0,6,1,other,,,,,,,,,,,,,,,,,,,,,,NSW1,48.19668789416274,7052.1527425120485
2025-09-14 00:30:00+00:00,0,6,1,other,,,,,,,,,,,,,,,,,,,,,,NSW1,42.63473489377245,7236.366576150597
2025-09-14 01:00:00+00:00,1,6,1,other,,,,,,,,,,,,,,,,,,,,,,NSW1,57.991449717926635,4622.565749051884
2025-09-14 01:30:00+00:00,1,6,1,other,,,,,,,,,,,,,,,,,,,,,,NSW1,62.677289985291615,4053.6602304926305
2025-09-14 02:00:00+00:00,2,6,1,other,,,,,,,,,,,,,,,,,,,,,,NSW1,56.224063718722554,4345.671790233029
2025-09-14 02:30:00+00:00,2,6,1,other,,,,,,,,,,,,,,,,,,,,,,NSW1,58.50751755048339,4000.1587008007523
2025-09-14 03:00:00+00:00,3,6,1,other,,,,,,,,,,,,,,,,,,,,,,NSW1,38.847040688004945,3548.685177688478
2025-09-14 03:30:00+00:00,3,6,1,other,,,,,,,,,,,,,,,,,,,,,,NSW1,52.36549088052912,4037.6323067233557
2025-09-14 04:00:00+00:00,4,6,1,other,,,,,,,,,,,,,,,,,,,,,,NSW1,61.580908451394635,3320.937435559264
2025-09-14 04:30:00+00:00,4,6,1,other,,,,,,,,,,,,,,,,,,,,,,NSW1,46.539033296797875,3959.027549273594
2025-09-14 05:00:00+00:00,5,6,1,other,,,,,,,,,,,,,,,,,,,,,,NSW1,53.56827306543296,4435.836008725107
2025-09-14 05:30:00+00:00,5,6,1,other,,,,,,,,,,,,,,,,,,,,,,NSW1,52.07266616574928,4037.11616613247
2025-09-14 06:00:00+00:00,6,6,1,shoulder,,,,,,,,,,,,,,,,,,,,,,NSW1,45.998917739518525,7168.398258009682
2025-09-14 06:30:00+00:00,6,6,1,shoulder,,,,,,,,,,,,,,,,,,,,,,NSW1,54.726019953727466,7738.348983756977
2025-09-14 07:00:00+00:00,7,6,1,peak,,,,,,,,,,,,,,,,,,,,,,NSW1,185.83074497764778,9510.855288051675
2025-09-14 07:30:00+00:00,7,6,1,peak,,,,,,,,,,,,,,,,,,,,,,NSW1,97.708636578991,8075.966948131946
2025-09-14 08:00:00+00:00,8,6,1,peak,,,,,,,,,,,,,,,,,,,,,,NSW1,140.6851170999503,8919.382444757477
2025-09-14 08:30:00+00:00,8,6,1,peak,,,,,,,,,,,,,,,,,,,,,,NSW1,113.8215886033534,8470.287723462276
2025-09-14 09:00:00+00:00,9,6,1,peak,,,,,,,,,,,,,,,,,,,,,,NSW1,146.23997934046733,9701.826208298942
2025-09-14 09:30:00+00:00,9,6,1,peak,,,,,,,,,,,,,,,,,,,,,,NSW1,164.52766898686545,8485.723838943277
2025-09-14 10:00:00+00:00,10,6,1,other,,,,,,,,,,,,,,,,,,,,,,NSW1,41.847468340457795,6928.388446777481
2025-09-14 10:30:00+00:00,10,6,1,other,,,,,,,,,,,,,,,,,,,,,,NSW1,66.71871773192761,6860.119945613642
2025-09-14 11:00:00+00:00,11,6,1,other,,,,,,,,,,,,,,,,,,,,,,NSW1,55.018491618985024,6967.946346817234
2025-09-14 11:30:00+00:00,11,6,1,other,,,,,,,,,,,,,,,,,,,,,,NSW1,44.58139584725311,6746.058181424732
2025-09-14 12:00:00+00:00,12,6,1,other,,,,,,,,,,,,,,,,,,,,,,NSW1,57.6633186094899,6984.000113535469
2025-09-14 12:30:00+00:00,12,6,1,other,,,,,,,,,,,,,,,,,,,,,,NSW1,49.969032248562186,7338.686947824675
2025-09-14 13:00:00+00:00,13,6,1,other,,,,,,,,,,,,,,,,,,,,,,NSW1,62.41878297646065,6943.187560167101
2025-09-14 13:30:00+00:00,13,6,1,other,,,,,,,,,,,,,,,,,,,,,,NSW1,58.68014516825957,6573.2717555219415
2025-09-14 14:00:00+00:00,14,6,1,other,,,,,,,,,,,,,,,,,,,,,,NSW1,46.26436260047295,7244.560534581042
2025-09-14 14:30:00+00:00,14,6,1,other,,,,,,,,,,,,,,,,,,,,,,NSW1,59.65665903217679,6192.1324892343855
2025-09-14 15:00:00+00:00,15,6,1,other,,,,,,,,,,,,,,,,,,,,,,NSW1,44.34373099818206,7207.787119284272
2025-09-14 15:30:00+00:00,15,6,1,other,,,,,,,,,,,,,,,,,,,,,,NSW1,55.353320144398836,6459.841224055867
2025-09-14 16:00:00+00:00,16,6,1,other,,,,,,,,,,,,,,,,,,,,,,NSW1,59.08069772890058,7453.483961984922
2025-09-14 16:30:00+00:00,16,6,1,other,,,,,,,,,,,,,,,,,,,,,,NSW1,52.818164460477156,7332.0234302939225
2025-09-14 17:00:00+00:00,17,6,1,peak,,,,,,,,,,,,,,,,,,,,,,NSW1,141.9518051266199,8377.092337070422
2025-09-14 17:30:00+00:00,17,6,1,peak,,,,,,,,,,,,,,,,,,,,,,NSW1,188.7174786043477,10468.942510819805
2025-09-14 18:00:00+00:00,18,6,1,peak,,,,,,,,,,,,,,,,,,,,,,NSW1,109.48713940883073,9284.91345587717
2025-09-14 18:30:00+00:00,18,6,1,peak,,,,,,,,,,,,,,,,,,,,,,NSW1,123.97980282204607,9338.295431991904
2025-09-14 19:00:00+00:00,19,6,1,peak,,,,,,,,,,,,,,,,,,,,,,NSW1,139.84132560005705,8694.663722942278
2025-09-14 19:30:00+00:00,19,6,1,peak,,,,,,,,,,,,,,,,,,,,,,NSW1,126.92175085808306,7571.158300282806
2025-09-14 20:00:00+00:00,20,6,1,peak,,,,,,,,,,,,,,,,,,,,,,NSW1,107.04585091749482,8739.024449994318
2025-09-14 20:30:00+00:00,20,6,1,peak,,,,,,,,,,,,,,,,,,,,,,NSW1,89.16057629683195,9258.152350361612
2025-09-14 21:00:00+00:00,21,6,1,peak,,,,,,,,,,,,,,,,,,,,,,NSW1,124.18137997194621,8182.005708405564
2025-09-14 21:30:00+00:00,21,6,1,peak,,,,,,,,,,,,,,,,,,,,,,NSW1,165.48317475978956,7955.921486242495
2025-09-14 22:00:00+00:00,22,6,1,shoulder,,,,,,,,,,,,,,,,,,,,,,NSW1,41.69517850204334,7305.579141817577
2025-09-14 22:30:00+00:00,22,6,1,shoulder,,,,,,,,,,,,,,,,,,,,,,NSW1,56.5351103824653,6001.906192448738
2025-09-14 23:00:00+00:00,23,6,1,shoulder,,,,,,,,,,,,,,,,,,,,,,NSW1,46.63354213717276,7269.581109534364
2025-09-14 23:30:00+00:00,23,6,1,shoulder,,,,,,,,,,,,,,,,,,,,,,NSW1,52.80995956913802,7120.846809305764
2025-09-15 00:00:00+00:00,0,0,0,other,,,,,,,,,,,,,,,,,,,,,,NSW1,73.6702868654927,7171.099206713655
2025-09-15 00:30:00+00:00,0,0,0,other,,,,,,,,,,,,,,,,,,,,,,NSW1,64.71146678365893,8596.866651168031
2025-09-15 01:00:00+00:00,1,0,0,other,,,,,,,,,,,,,,,,,,,,,,NSW1,78.58177320512088,4900.68329181981
2025-09-15 01:30:00+00:00,1,0,0,other,,,,,,,,,,,,,,,,,,,,,,NSW1,69.01308334155628,4921.939381321004
2025-09-15 02:00:00+00:00,2,0,0,other,,,,,,,,,,,,,,,,,,,,,,NSW1,63.433979002201916,4728.455484630088
2025-09-15 02:30:00+00:00,2,0,0,other,,,,,,,,,,,,,,,,,,,,,,NSW1,60.80264072675783,4849.11135126324
2025-09-15 03:00:00+00:00,3,0,0,other,,,,,,,,,,,,,,,,,,,,,,NSW1,57.12109829284217,4498.881633202976
2025-09-15 03:30:00+00:00,3,0,0,other,,,,,,,,,,,,,,,,,,,,,,NSW1,66.01819786630446,4799.89288735328
2025-09-15 04:00:00+00:00,4,0,0,other,,,,,,,,,,,,,,,,,,,,,,NSW1,58.54706991314089,4965.9162105913265
2025-09-15 04:30:00+00:00,4,0,0,other,,,,,,,,,,,,,,,,,,,,,,NSW1,62.64221851497153,4685.355916637453
2025-09-15 05:00:00+00:00,5,0,0,other,,,,,,,,,,,,,,,,,,,,,,NSW1,57.40854564466502,4713.9108536229605
2025-09-15 05:30:00+00:00,5,0,0,other,,,,,,,,,,,,,,,,,,,,,,NSW1,52.669184691944835,4640.509645155453
2025-09-15 06:00:00+00:00,6,0,0,shoulder,,,,,,,,,,,,,,,,,,,,,,NSW1,76.86889979566979,8536.646335326985
2025-09-15 06:30:00+00:00,6,0,0,shoulder,,,,,,,,,,,,,,,,,,,,,,NSW1,66.90476531392513,7683.162047341915
2025-09-15 07:00:00+00:00,7,0,0,peak,,,,,,,,,,,,,,,,,,,,,,NSW1,130.93029804903642,9662.021367890531
2025-09-15 07:30:00+00:00,7,0,0,peak,,,,,,,,,,,,,,,,,,,,,,NSW1,218.40955593755774,12230.243591415783
2025-09-15 08:00:00+00:00,8,0,0,peak,,,,,,,,,,,,,,,,,,,,,,NSW1,168.11332034744032,10924.835179994949
2025-09-15 08:30:00+00:00,8,0,0,peak,,,,,,,,,,,,,,,,,,,,,,NSW1,191.5083405548036,11186.95158530607
2025-09-15 09:00:00+00:00,9,0,0,peak,,,,,,,,,,,,,,,,,,,,,,NSW1,157.42342933550864,10927.2018361318
2025-09-15 09:30:00+00:00,9,0,0,peak,,,,,,,,,,,,,,,,,,,,,,NSW1,201.47898551763208,9898.935610606952
2025-09-15 10:00:00+00:00,10,0,0,other,,,,,,,,,,,,,,,,,,,,,,NSW1,77.75019062880207,7522.797093489245
2025-09-15 10:30:00+00:00,10,0,0,other,,,,,,,,,,,,,,,,,,,,,,NSW1,59.381607066939246,9642.726763996214
2025-09-15 11:00:00+00:00,11,0,0,other,,,,,,,,,,,,,,,,,,,,,,NSW1,63.26843940808991,7673.246542066512
2025-09-15 11:30:00+00:00,11,0,0,other,,,,,,,,,,,,,,,,,,,,,,NSW1,61.077063270591516,8415.988204895999
2025-09-15 12:00:00+00:00,12,0,0,other,,,,,,,,,,,,,,,,,,,,,,NSW1,65.14904529822427,7822.359566661198
2025-09-15 12:30:00+00:00,12,0,0,other,,,,,,,,,,,,,,,,,,,,,,NSW1,61.140236177672556,8349.965627152695
2025-09-15 13:00:00+00:00,13,0,0,other,,,,,,,,,,,,,,,,,,,,,,NSW1,63.363860289584515,7228.551294465036
2025-09-15 13:30:00+00:00,13,0,0,other,,,,,,,,,,,,,,,,,,,,,,NSW1,59.07686269135389,7854.779454686272
2025-09-15 14:00:00+00:00,14,0,0,other,,,,,,,,,,,,,,,,,,,,,,NSW1,49.35746904656499,7808.620455133125
2025-09-15 14:30:00+00:00,14,0,0,other,,,,,,,,,,,,,,,,,,,,,,NSW1,73.74350254215253,7147.634717962009
2025-09-15 15:00:00+00:00,15,0,0,other,,,,,,,,,,,,,,,,,,,,,,NSW1,52.831331211470314,8154.656404394481
2025-09-15 15:30:00+00:00,15,0,0,other,,,,,,,,,,,,,,,,,,,,,,NSW1,63.802007573041436,7327.65214386209
2025-09-15 16:00:00+00:00,16,0,0,other,,,,,,,,,,,,,,,,,,,,,,NSW1,60.05670339205283,7813.262685734129
2025-09-15 16:30:00+00:00,16,0,0,other,,,,,,,,,,,,,,,,,,,,,,NSW1,49.42160662799778,8833.415069559594
2025-09-15 17:00:00+00:00,17,0,0,peak,,,,,,,,,,,,,,,,,,,,,,NSW1,172.31193687021573,10672.992208845031
2025-09-15 17:30:00+00:00,17,0,0,peak,,,,,,,,,,,,,,,,,,,,,,NSW1,161.37751415007085,10163.473482898333
2025-09-15 18:00:00+00:00,18,0,0,peak,,,,,,,,,,,,,,,,,,,,,,NSW1,225.87851187981795,12035.56611545183
2025-09-15 18:30:00+00:00,18,0,0,peak,,,,,,,,,,,,,,,,,,,,,,NSW1,122.96050029959633,11335.81900854048
2025-09-15 19:00:00+00:00,19,0,0,peak,,,,,,,,,,,,,,,,,,,,,,NSW1,129.3505610226727,11116.43800754987
2025-09-15 19:30:00+00:00,19,0,0,peak,,,,,,,,,,,,,,,,,,,,,,NSW1,195.10587407510263,9930.331397231073
2025-09-15 20:00:00+00:00,20,0,0,peak,,,,,,,,,,,,,,,,,,,,,,NSW1,278.66755995716653,10297.520654500107
2025-09-15 20:30:00+00:00,20,0,0,peak,,,,,,,,,,,,,,,,,,,,,,NSW1,131.55893849249216,10318.616656630295
2025-09-15 21:00:00+00:00,21,0,0,peak,,,,,,,,,,,,,,,,,,,,,,NSW1,176.60533605567846,9114.533121036062
2025-09-15 21:30:00+00:00,21,0,0,peak,,,,,,,,,,,,,,,,,,,,,,NSW1,239.28106998115575,10796.306972017901
2025-09-15 22:00:00+00:00,22,0,0,shoulder,,,,,,,,,,,,,,,,,,,,,,NSW1,56.81251994665844,9222.757762211106
2025-09-15 22:30:00+00:00,22,0,0,shoulder,,,,,,,,,,,,,,,,,,,,,,NSW1,65.025583014305,7838.5106343234565
2025-09-15 23:00:00+00:00,23,0,0,shoulder,,,,,,,,,,,,,,,,,,,,,,NSW1,54.038664028536694,8012.661252882707
2025-09-15 23:30:00+00:00,23,0,0,shoulder,,,,,,,,,,,,,,,,,,,,,,NSW1,68.65291067164469,6815.121773571286
2025-09-16 00:00:00+00:00,0,1,0,other,,,,,,,,,,,,,,,,,,,,,,NSW1,63.095831765835904,9035.49074590011
2025-09-16 00:30:00+00:00,0,1,0,other,,,,,,,,,,,,,,,,,,,,,,NSW1,81.35421689477386,7886.102683664073
2025-09-16 01:00:00+00:00,1,1,0,other,,,,,,,,,,,,,,,,,,,,,,NSW1,77.18946740029942,5097.235389710798
2025-09-16 01:30:00+00:00,1,1,0,other,,,,,,,,,,,,,,,,,,,,,,NSW1,68.97482394475614,4923.263733466241
2025-09-16 02:00:00+00:00,2,1,0,other,,,,,,,,,,,,,,,,,,,,,,NSW1,73.54248967324723,5101.166944662009
2025-09-16 02:30:00+00:00,2,1,0,other,,,,,,,,,,,,,,,,,,,,,,NSW1,74.44019053859363,5083.080279592465
2025-09-16 03:00:00+00:00,3,1,0,other,,,,,,,,,,,,,,,,,,,,,,NSW1,66.47410217406663,4131.060567675698
2025-09-16 03:30:00+00:00,3,1,0,other,,,,,,,,,,,,,,,,,,,,,,NSW1,64.83891275504205,4690.9698196594345
2025-09-16 04:00:00+00:00,4,1,0,other,,,,,,,,,,,,,,,,,,,,,,NSW1,58.37210251823694,4908.538104678297
2025-09-16 04:30:00+00:00,4,1,0,other,,,,,,,,,,,,,,,,,,,,,,NSW1,75.9799279721852,4517.29344614802
2025-09-16 05:00:00+00:00,5,1,0,other,,,,,,,,,,,,,,,,,,,,,,NSW1,68.98749378914081,4741.276961386862
2025-09-16 05:30:00+00:00,5,1,0,other,,,,,,,,,,,,,,,,,,,,,,NSW1,58.496746287655554,4327.622442993195
2025-09-16 06:00:00+00:00,6,1,0,shoulder,,,,,,,,,,,,,,,,,,,,,,NSW1,79.17089680437192,9267.118994366505
2025-09-16 06:30:00+00:00,6,1,0,shoulder,,,,,,,,,,,,,,,,,,,,,,NSW1,54.118887349560424,7900.806574080583
2025-09-16 07:00:00+00:00,7,1,0,peak,,,,,,,,,,,,,,,,,,,,,,NSW1,146.0988590289389,10458.09452951342
2025-09-16 07:30:00+00:00,7,1,0,peak,,,,,,,,,,,,,,,,,,,,,,NSW1,184.92523941827,10467.466093399244
2025-09-16 08:00:00+00:00,8,1,0,peak,,,,,,,,,,,,,,,,,,,,,,NSW1,137.1670622742846,9980.061803076487
2025-09-16 08:30:00+00:00,8,1,0,peak,,,,,,,,,,,,,,,,,,,,,,NSW1,114.42432528466824,10056.587978360369
2025-09-16 09:00:00+00:00,9,1,0,peak,,,,,,,,,,,,,,,,,,,,,,NSW1,188.75209031656203,10200.76933478195
2025-09-16 09:30:00+00:00,9,1,0,peak,,,,,,,,,,,,,,,,,,,,,,NSW1,170.84024566122554,10473.66215392761
2025-09-16 10:00:00+00:00,10,1,0,other,,,,,,,,,,,,,,,,,,,,,,NSW1,70.89982535072676,8429.759181102934
2025-09-16 10:30:00+00:00,10,1,0,other,,,,,,,,,,,,,,,,,,,,,,NSW1,68.07699930586872,7619.867650261474
2025-09-16 11:00:00+00:00,11,1,0,other,,,,,,,,,,,,,,,,,,,,,,NSW1,66.40386794581369,7619.320331512328
2025-09-16 11:30:00+00:00,11,1,0,other,,,,,,,,,,,,,,,,,,,,,,NSW1,72.26290889229062,8552.163566599704
2025-09-16 12:00:00+00:00,12,1,0,other,,,,,,,,,,,,,,,,,,,,,,NSW1,58.98714737550221,8617.910729345384
2025-09-16 12:30:00+00:00,12,1,0,other,,,,,,,,,,,,,,,,,,,,,,NSW1,57.71339893608565,8096.162841170158
2025-09-16 13:00:00+00:00,13,1,0,other,,,,,,,,,,,,,,,,,,,,,,NSW1,75.46550520050558,8549.532967457759
2025-09-16 13:30:00+00:00,13,1,0,other,,,,,,,,,,,,,,,,,,,,,,NSW1,63.27989368244806,7889.263470818681
2025-09-16 14:00:00+00:00,14,1,0,other,,,,,,,,,,,,,,,,,,,,,,NSW1,54.19980445951317,7814.749175854809
2025-09-16 14:30:00+00:00,14,1,0,other,,,,,,,,,,,,,,,,,,,,,,NSW1,70.15070640171899,8409.683397546403
2025-09-16 15:00:00+00:00,15,1,0,other,,,,,,,,,,,,,,,,,,,,,,NSW1,62.60545242642264,7456.715155607323
2025-09-16 15:30:00+00:00,15,1,0,other,,,,,,,,,,,,,,,,,,,,,,NSW1,60.53533768932141,8158.276652804991
2025-09-16 16:00:00+00:00,16,1,0,other,,,,,,,,,,,,,,,,,,,,,,NSW1,66.44459133899795,7657.718324768058
2025-09-16 16:30:00+00:00,16,1,0,other,,,,,,,,,,,,,,,,,,,,,,NSW1,65.57953956682846,7883.140708760267
2025-09-16 17:00:00+00:00,17,1,0,peak,,,,,,,,,,,,,,,,,,,,,,NSW1,210.11230246831457,9613.820402243718
2025-09-16 17:30:00+00:00,17,1,0,peak,,,,,,,,,,,,,,,,,,,,,,NSW1,140.3792282492091,10496.860662787429
2025-09-16 18:00:00+00:00,18,1,0,peak,,,,,,,,,,,,,,,,,,,,,,NSW1,160.98218135377232,10733.974390606261
2025-09-16 18:30:00+00:00,18,1,0,peak,,,,,,,,,,,,,,,,,,,,,,NSW1,195.48217507890246,10491.25872172955
2025-09-16 19:00:00+00:00,19,1,0,peak,,,,,,,,,,,,,,,,,,,,,,NSW1,227.86586498646045,10817.998798501427
2025-09-16 19:30:00+00:00,19,1,0,peak,,,,,,,,,,,,,,,,,,,,,,NSW1,213.98028522256217,10740.406602234092
2025-09-16 20:00:00+00:00,20,1,0,peak,,,,,,,,,,,,,,,,,,,,,,NSW1,248.34266579440455,11378.546161527021
2025-09-16 20:30:00+00:00,20,1,0,peak,,,,,,,,,,,,,,,,,,,,,,NSW1,160.95729538631093,10415.661300524023
2025-09-16 21:00:00+00:00,21,1,0,peak,,,,,,,,,,,,,,,,,,,,,,NSW1,180.86617204397817,9617.167170901812
2025-09-16 21:30:00+00:00,21,1,0,peak,,,,,,,,,,,,,,,,,,,,,,NSW1,145.2541244141949,10915.87398416038
2025-09-16 22:00:00+00:00,22,1,0,shoulder,,,,,,,,,,,,,,,,,,,,,,NSW1,56.40017161413467,8254.036946812932
2025-09-16 22:30:00+00:00,22,1,0,shoulder,,,,,,,,,,,,,,,,,,,,,,NSW1,48.91253757139568,7240.527406475652
2025-09-16 23:00:00+00:00,23,1,0,shoulder,,,,,,,,,,,,,,,,,,,,,,NSW1,63.92560989259578,7265.002757224646
2025-09-16 23:30:00+00:00,23,1,0,shoulder,,,,,,,,,,,,,,,,,,,,,,NSW1,67.71129413420117,9086.204442795255
2025-09-17 00:00:00+00:00,0,2,0,other,,,,,,,,,,,,,,,,,,,,,,NSW1,72.10487838285059,8348.584460865062
2025-09-17 00:30:00+00:00,0,2,0,other,,,,,,,,,,,,,,,,,,,,,,NSW1,79.35775218440124,9180.504599102518
2025-09-17 01:00:00+00:00,1,2,0,other,,,,,,,,,,,,,,,,,,,,,,NSW1,70.25111053909207,4296.6140513296195
2025-09-17 01:30:00+00:00,1,2,0,other,,,,,,,,,,,,,,,,,,,,,,NSW1,86.11233691991502,5174.901591921733
2025-09-17 02:00:00+00:00,2,2,0,other,,,,,,,,,,,,,,,,,,,,,,NSW1,64.04482362685293,4406.928026937479
2025-09-17 02:30:00+00:00,2,2,0,other,,,,,,,,,,,,,,,,,,,,,,NSW1,65.50395891392837,4888.603282524814
2025-09-17 03:00:00+00:00,3,2,0,other,,,,,,,,,,,,,,,,,,,,,,NSW1,79.68186772829506,4897.7450562629365
2025-09-17 03:30:00+00:00,3,2,0,other,,,,,,,,,,,,,,,,,,,,,,NSW1,74.37792097020062,4566.197373116799
2025-09-17 04:00:00+00:00,4,2,0,other,,,,,,,,,,,,,,,,,,,,,,NSW1,63.87856687180809,5634.816475507038
2025-09-17 04:30:00+00:00,4,2,0,other,,,,,,,,,,,,,,,,,,,,,,NSW1,61.93599874109912,4907.40882018605
2025-09-17 05:00:00+00:00,5,2,0,other,,,,,,,,,,,,,,,,,,,,,,NSW1,67.01911220735414,5071.83889635053
2025-09-17 05:30:00+00:00,5,2,0,other,,,,,,,,,,,,,,,,,,,,,,NSW1,57.98581664510908,5439.748633355796
2025-09-17 06:00:00+00:00,6,2,0,shoulder,,,,,,,,,,,,,,,,,,,,,,NSW1,57.308096596465774,8645.784021717254
2025-09-17 06:30:00+00:00,6,2,0,shoulder,,,,,,,,,,,,,,,,,,,,,,NSW1,55.99531265701821,8180.696018433748
2025-09-17 07:00:00+00:00,7,2,0,peak,,,,,,,,,,,,,,,,,,,,,,NSW1,222.467778272895,11310.720446349582
2025-09-17 07:30:00+00:00,7,2,0,peak,,,,,,,,,,,,,,,,,,,,,,NSW1,192.98264606259926,10179.887101934133
2025-09-17 08:00:00+00:00,8,2,0,peak,,,,,,,,,,,,,,,,,,,,,,NSW1,186.66910866741998,9942.623338433403
2025-09-17 08:30:00+00:00,8,2,0,peak,,,,,,,,,,,,,,,,,,,,,,NSW1,165.011983567266,12372.80463181817
2025-09-17 09:00:00+00:00,9,2,0,peak,,,,,,,,,,,,,,,,,,,,,,NSW1,154.00675883173645,10366.27371770983
2025-09-17 09:30:00+00:00,9,2,0,peak,,,,,,,,,,,,,,,,,,,,,,NSW1,222.97586473673232,10107.924257007382
2025-09-17 10:00:00+00:00,10,2,0,other,,,,,,,,,,,,,,,,,,,,,,NSW1,63.57857298661304,8183.8593405713145
2025-09-17 10:30:00+00:00,10,2,0,other,,,,,,,,,,,,,,,,,,,,,,NSW1,63.55754858544682,8075.23564212499
2025-09-17 11:00:00+00:00,11,2,0,other,,,,,,,,,,,,,,,,,,,,,,NSW1,73.5769106090309,6506.44154473264
2025-09-17 11:30:00+00:00,11,2,0,other,,,,,,,,,,,,,,,,,,,,,,NSW1,65.69482543533711,8493.211279960902
2025-09-17 12:00:00+00:00,12,2,0,other,,,,,,,,,,,,,,,,,,,,,,NSW1,84.86824794508779,7277.639690791659
2025-09-17 12:30:00+00:00,12,2,0,other,,,,,,,,,,,,,,,,,,,,,,NSW1,59.851546996497696,8796.249913851856
2025-09-17 13:00:00+00:00,13,2,0,other,,,,,,,,,,,,,,,,,,,,,,NSW1,86.38317941775335,8950.545925082466
2025-09-17 13:30:00+00:00,13,2,0,other,,,,,,,,,,,,,,,,,,,,,,NSW1,66.68567859961702,7822.47566630411
2025-09-17 14:00:00+00:00,14,2,0,other,,,,,,,,,,,,,,,,,,,,,,NSW1,63.17296890293381,9089.817412200506
2025-09-17 14:30:00+00:00,14,2,0,other,,,,,,,,,,,,,,,,,,,,,,NSW1,61.495070750871996,8696.129857713586
2025-09-17 15:00:00+00:00,15,2,0,other,,,,,,,,,,,,,,,,,,,,,,NSW1,62.910078324765315,7732.86150420075
2025-09-17 15:30:00+00:00,15,2,0,other,,,,,,,,,,,,,,,,,,,,,,NSW1,63.31361112639033,8376.930099123208
2025-09-17 16:00:00+00:00,16,2,0,other,,,,,,,,,,,,,,,,,,,,,,NSW1,63.13040273745985,8311.188503522642
2025-09-17 16:30:00+00:00,16,2,0,other,,,,,,,,,,,,,,,,,,,,,,NSW1,71.27193035079137,7986.8987705867285
2025-09-17 17:00:00+00:00,17,2,0,peak,,,,,,,,,,,,,,,,,,,,,,NSW1,236.87460176695723,9901.462213689148
2025-09-17 17:30:00+00:00,17,2,0,peak,,,,,,,,,,,,,,,,,,,,,,NSW1,149.60320101734374,10677.552193462832
2025-09-17 18:00:00+00:00,18,2,0,peak,,,,,,,,,,,,,,,,,,,,,,NSW1,157.4803965024382,11148.643085104497
2025-09-17 18:30:00+00:00,18,2,0,peak,,,,,,,,,,,,,,,,,,,,,,NSW1,217.5120297126685,10394.394680748359
2025-09-17 19:00:00+00:00,19,2,0,peak,,,,,,,,,,,,,,,,,,,,,,NSW1,221.59086313325554,12233.60245420209
2025-09-17 19:30:00+00:00,19,2,0,peak,,,,,,,,,,,,,,,,,,,,,,NSW1,151.54842907364366,9126.337870971787
2025-09-17 20:00:00+00:00,20,2,0,peak,,,,,,,,,,,,,,,,,,,,,,NSW1,207.67819202842713,10708.344606990919
2025-09-17 20:30:00+00:00,20,2,0,peak,,,,,,,,,,,,,,,,,,,,,,NSW1,174.52573541623485,10176.28737635978
2025-09-17 21:00:00+00:00,21,2,0,peak,,,,,,,,,,,,,,,,,,,,,,NSW1,136.03747780100397,11230.395883035219
2025-09-17 21:30:00+00:00,21,2,0,peak,,,,,,,,,,,,,,,,,,,,,,NSW1,183.8146174635128,11727.199246906588
2025-09-17 22:00:00+00:00,22,2,0,shoulder,,,,,,,,,,,,,,,,,,,,,,NSW1,65.28826814267713,7968.6371035546945
2025-09-17 22:30:00+00:00,22,2,0,shoulder,,,,,,,,,,,,,,,,,,,,,,NSW1,59.65213096009771,7117.618898759046
2025-09-17 23:00:00+00:00,23,2,0,shoulder,,,,,,,,,,,,,,,,,,,,,,NSW1,76.20843938056174,9113.211061499154
2025-09-17 23:30:00+00:00,23,2,0,shoulder,,,,,,,,,,,,,,,,,,,,,,NSW1,70.71324703559587,8367.54946915256
2025-09-18 00:00:00+00:00,0,3,0,other,,,,,,,,,,,,,,,,,,,,,,NSW1,55.60937914241378,7980.045127958713
2025-09-11 00:30:00+00:00,0,3,0,other,,,,,,,,,,,,,,,,,,,,,,VIC1,75.4385986928038,7803.204758986059
2025-09-11 01:00:00+00:00,1,3,0,other,,,,,,,,,,,,,,,,,,,,,,VIC1,78.68118119459048,4554.3681819178455
2025-09-11 01:30:00+00:00,1,3,0,other,,,,,,,,,,,,,,,,,,,,,,VIC1,50.86485790914166,4932.648300206137
2025-09-11 02:00:00+00:00,2,3,0,other,,,,,,,,,,,,,,,,,,,,,,VIC1,71.8078205950444,4989.855638709449
2025-09-11 02:30:00+00:00,2,3,0,other,,,,,,,,,,,,,,,,,,,,,,VIC1,58.82113469718856,5384.726227383147
2025-09-11 03:00:00+00:00,3,3,0,other,,,,,,,,,,,,,,,,,,,,,,VIC1,63.15161958001361,4432.982548520018
2025-09-11 03:30:00+00:00,3,3,0,other,,,,,,,,,,,,,,,,,,,,,,VIC1,73.19259768333768,5019.550754440304
2025-09-11 04:00:00+00:00,4,3,0,other,,,,,,,,,,,,,,,,,,,,,,VIC1,67.12103962128087,5152.500387599469
2025-09-11 04:30:00+00:00,4,3,0,other,,,,,,,,,,,,,,,,,,,,,,VIC1,71.38029082756675,4376.425596149103
2025-09-11 05:00:00+00:00,5,3,0,other,,,,,,,,,,,,,,,,,,,,,,VIC1,65.33772207586344,4149.776650588674
2025-09-11 05:30:00+00:00,5,3,0,other,,,,,,,,,,,,,,,,,,,,,,VIC1,70.47841599726472,4778.707507227462
2025-09-11 06:00:00+00:00,6,3,0,shoulder,,,,,,,,,,,,,,,,,,,,,,VIC1,46.34505039740523,9354.836473443087
2025-09-11 06:30:00+00:00,6,3,0,shoulder,,,,,,,,,,,,,,,,,,,,,,VIC1,60.52246826193824,7175.791693046989
2025-09-11 07:00:00+00:00,7,3,0,peak,,,,,,,,,,,,,,,,,,,,,,VIC1,200.5564597803891,10483.712374965318
2025-09-11 07:30:00+00:00,7,3,0,peak,,,,,,,,,,,,,,,,,,,,,,VIC1,184.07288925051174,9879.87870614074
2025-09-11 08:00:00+00:00,8,3,0,peak,,,,,,,,,,,,,,,,,,,,,,VIC1,121.77585972575285,10013.54215434649
2025-09-11 08:30:00+00:00,8,3,0,peak,,,,,,,,,,,,,,,,,,,,,,VIC1,183.0290126152793,10395.602249283036
2025-09-11 09:00:00+00:00,9,3,0,peak,,,,,,,,,,,,,,,,,,,,,,VIC1,166.60440108297567,10338.868054185983
2025-09-11 09:30:00+00:00,9,3,0,peak,,,,,,,,,,,,,,,,,,,,,,VIC1,192.28660753784658,10873.413413816064
2025-09-11 10:00:00+00:00,10,3,0,other,,,,,,,,,,,,,,,,,,,,,,VIC1,65.52023634077635,8609.069764103388
2025-09-11 10:30:00+00:00,10,3,0,other,,,,,,,,,,,,,,,,,,,,,,VIC1,72.98542922496961,8420.95274315015
2025-09-11 11:00:00+00:00,11,3,0,other,,,,,,,,,,,,,,,,,,,,,,VIC1,67.07743270828041,8302.814356171084
2025-09-11 11:30:00+00:00,11,3,0,other,,,,,,,,,,,,,,,,,,,,,,VIC1,66.98096721244119,8093.276739731258
2025-09-11 12:00:00+00:00,12,3,0,other,,,,,,,,,,,,,,,,,,,,,,VIC1,59.74909395832947,7814.17612942708
2025-09-11 12:30:00+00:00,12,3,0,other,,,,,,,,,,,,,,,,,,,,,,VIC1,45.35059274998472,7608.631656906513
2025-09-11 13:00:00+00:00,13,3,0,other,,,,,,,,,,,,,,,,,,,,,,VIC1,78.05482647198353,8687.725338304088
2025-09-11 13:30:00+00:00,13,3,0,other,,,,,,,,,,,,,,,,,,,,,,VIC1,55.175531285637824,8031.007627418543
2025-09-11 14:00:00+00:00,14,3,0,other,,,,,,,,,,,,,,,,,,,,,,VIC1,70.82881174718044,8281.19645434768
2025-09-11 14:30:00+00:00,14,3,0,other,,,,,,,,,,,,,,,,,,,,,,VIC1,84.40366284844397,8186.8728758020525
2025-09-11 15:00:00+00:00,15,3,0,other,,,,,,,,,,,,,,,,,,,,,,VIC1,62.027689769582835,7661.202585771825
2025-09-11 15:30:00+00:00,15,3,0,other,,,,,,,,,,,,,,,,,,,,,,VIC1,75.73377551308715,7561.7464725806085
2025-09-11 16:00:00+00:00,16,3,0,other,,,,,,,,,,,,,,,,,,,,,,VIC1,58.4021399492635,7679.485604084011
2025-09-11 16:30:00+00:00,16,3,0,other,,,,,,,,,,,,,,,,,,,,,,VIC1,68.6476570491556,8600.543781982682
2025-09-11 17:00:00+00:00,17,3,0,peak,,,,,,,,,,,,,,,,,,,,,,VIC1,162.2644483296558,9726.637518986381
2025-09-11 17:30:00+00:00,17,3,0,peak,,,,,,,,,,,,,,,,,,,,,,VIC1,186.1044071008556,9333.957135211076
2025-09-11 18:00:00+00:00,18,3,0,peak,,,,,,,,,,,,,,,,,,,,,,VIC1,190.18109390860826,9135.421594898105
2025-09-11 18:30:00+00:00,18,3,0,peak,,,,,,,,,,,,,,,,,,,,,,VIC1,170.22242320620649,11052.274726159623
2025-09-11 19:00:00+00:00,19,3,0,peak,,,,,,,,,,,,,,,,,,,,,,VIC1,211.6156914699143,11008.889554728003
2025-09-11 19:30:00+00:00,19,3,0,peak,,,,,,,,,,,,,,,,,,,,,,VIC1,174.18045457563562,10695.946529562148
2025-09-11 20:00:00+00:00,20,3,0,peak,,,,,,,,,,,,,,,,,,,,,,VIC1,160.554723560609,8721.948515423112
2025-09-11 20:30:00+00:00,20,3,0,peak,,,,,,,,,,,,,,,,,,,,,,VIC1,183.2973510415974,10085.913279473794
2025-09-11 21:00:00+00:00,21,3,0,peak,,,,,,,,,,,,,,,,,,,,,,VIC1,189.73187458906938,10713.54077313556
2025-09-11 21:30:00+00:00,21,3,0,peak,,,,,,,,,,,,,,,,,,,,,,VIC1,171.58964042254132,10531.604782960243
2025-09-11 22:00:00+00:00,22,3,0,shoulder,,,,,,,,,,,,,,,,,,,,,,VIC1,61.59432608579949,9201.18697966141
2025-09-11 22:30:00+00:00,22,3,0,shoulder,,,,,,,,,,,,,,,,,,,,,,VIC1,55.49022569925113,7972.2498549121365
2025-09-11 23:00:00+00:00,23,3,0,shoulder,,,,,,,,,,,,,,,,,,,,,,VIC1,69.54059440980429,8412.033651703507
2025-09-11 23:30:00+00:00,23,3,0,shoulder,,,,,,,,,,,,,,,,,,,,,,VIC1,58.47934933957111,7568.864662049944
2025-09-12 00:00:00+00:00,0,4,0,other,,,,,,,,,,,,,,,,,,,,,,VIC1,69.2085406497579,8581.078738329734
2025-09-12 00:30:00+00:00,0,4,0,other,,,,,,,,,,,,,,,,,,,,,,VIC1,63.24753436235232,8230.33114271458
2025-09-12 01:00:00+00:00,1,4,0,other,,,,,,,,,,,,,,,,,,,,,,VIC1,66.18350107782011,4342.493605885731
2025-09-12 01:30:00+00:00,1,4,0,other,,,,,,,,,,,,,,,,,,,,,,VIC1,58.6828172007377,5133.9272697048045
2025-09-12 02:00:00+00:00,2,4,0,other,,,,,,,,,,,,,,,,,,,,,,VIC1,74.45820875252407,5027.64178827182
2025-09-12 02:30:00+00:00,2,4,0,other,,,,,,,,,,,,,,,,,,,,,,VIC1,63.6136842701553,4499.558049771907
2025-09-12 03:00:00+00:00,3,4,0,other,,,,,,,,,,,,,,,,,,,,,,VIC1,75.69232445910343,5612.545863605095
2025-09-12 03:30:00+00:00,3,4,0,other,,,,,,,,,,,,,,,,,,,,,,VIC1,65.803434402899,5149.7099569907805
2025-09-12 04:00:00+00:00,4,4,0,other,,,,,,,,,,,,,,,,,,,,,,VIC1,60.251369978084895,4974.516406524637
2025-09-12 04:30:00+00:00,4,4,0,other,,,,,,,,,,,,,,,,,,,,,,VIC1,68.3187624753716,5121.181711082551
2025-09-12 05:00:00+00:00,5,4,0,other,,,,,,,,,,,,,,,,,,,,,,VIC1,75.88858869163364,4895.935074847773
2025-09-12 05:30:00+00:00,5,4,0,other,,,,,,,,,,,,,,,,,,,,,,VIC1,76.8916065480982,4150.7803552658925
2025-09-12 06:00:00+00:00,6,4,0,shoulder,,,,,,,,,,,,,,,,,,,,,,VIC1,74.75516533404793,7135.807675486594
2025-09-12 06:30:00+00:00,6,4,0,shoulder,,,,,,,,,,,,,,,,,,,,,,VIC1,75.33079743183661,8061.102172813276
2025-09-12 07:00:00+00:00,7,4,0,peak,,,,,,,,,,,,,,,,,,,,,,VIC1,170.5741220668211,11009.029952096993
2025-09-12 07:30:00+00:00,7,4,0,peak,,,,,,,,,,,,,,,,,,,,,,VIC1,240.94088834225866,10970.523651355355
2025-09-12 08:00:00+00:00,8,4,0,peak,,,,,,,,,,,,,,,,,,,,,,VIC1,203.96946063264244,11121.563173956427
2025-09-12 08:30:00+00:00,8,4,0,peak,,,,,,,,,,,,,,,,,,,,,,VIC1,186.66283203786352,12043.76604038449
2025-09-12 09:00:00+00:00,9,4,0,peak,,,,,,,,,,,,,,,,,,,,,,VIC1,195.8471379699014,10673.701645408057
2025-09-12 09:30:00+00:00,9,4,0,peak,,,,,,,,,,,,,,,,,,,,,,VIC1,164.78003862367046,8777.364171313118
2025-09-12 10:00:00+00:00,10,4,0,other,,,,,,,,,,,,,,,,,,,,,,VIC1,59.2213685193858,7882.825459254848
2025-09-12 10:30:00+00:00,10,4,0,other,,,,,,,,,,,,,,,,,,,,,,VIC1,59.436569946942136,8009.978728511304
2025-09-12 11:00:00+00:00,11,4,0,other,,,,,,,,,,,,,,,,,,,,,,VIC1,78.34457074724929,8030.380350353814
2025-09-12 11:30:00+00:00,11,4,0,other,,,,,,,,,,,,,,,,,,,,,,VIC1,75.97675011508608,8232.983612596732
2025-09-12 12:00:00+00:00,12,4,0,other,,,,,,,,,,,,,,,,,,,,,,VIC1,68.02492953829037,7282.505595828871
2025-09-12 12:30:00+00:00,12,4,0,other,,,,,,,,,,,,,,,,,,,,,,VIC1,55.67904574044851,8783.402734260679
2025-09-12 13:00:00+00:00,13,4,0,other,,,,,,,,,,,,,,,,,,,,,,VIC1,59.13836160261754,7363.555920022477
2025-09-12 13:30:00+00:00,13,4,0,other,,,,,,,,,,,,,,,,,,,,,,VIC1,61.38598582004408,7954.119097044459
2025-09-12 14:00:00+00:00,14,4,0,other,,,,,,,,,,,,,,,,,,,,,,VIC1,63.743143840866495,8604.99126935936
2025-09-12 14:30:00+00:00,14,4,0,other,,,,,,,,,,,,,,,,,,,,,,VIC1,62.715749292893456,7288.995505003442
2025-09-12 15:00:00+00:00,15,4,0,other,,,,,,,,,,,,,,,,,,,,,,VIC1,67.25891391986369,7897.841929941166
2025-09-12 15:30:00+00:00,15,4,0,other,,,,,,,,,,,,,,,,,,,,,,VIC1,63.3478481265049,9169.421610714842
2025-09-12 16:00:00+00:00,16,4,0,other,,,,,,,,,,,,,,,,,,,,,,VIC1,64.93724444596808,7894.737122248265
2025-09-12 16:30:00+00:00,16,4,0,other,,,,,,,,,,,,,,,,,,,,,,VIC1,75.90936055357555,8702.454736583546
2025-09-12 17:00:00+00:00,17,4,0,peak,,,,,,,,,,,,,,,,,,,,,,VIC1,170.05059498773292,10325.695686182851
2025-09-12 17:30:00+00:00,17,4,0,peak,,,,,,,,,,,,,,,,,,,,,,VIC1,167.57280029469305,10000.332176816404
2025-09-12 18:00:00+00:00,18,4,0,peak,,,,,,,,,,,,,,,,,,,,,,VIC1,196.17663481272845,11324.551085937523
2025-09-12 18:30:00+00:00,18,4,0,peak,,,,,,,,,,,,,,,,,,,,,,VIC1,170.61772118067077,10212.085281277186
2025-09-12 19:00:00+00:00,19,4,0,peak,,,,,,,,,,,,,,,,,,,,,,VIC1,218.05068237866362,11028.204361403881
2025-09-12 19:30:00+00:00,19,4,0,peak,,,,,,,,,,,,,,,,,,,,,,VIC1,161.0396867618739,11379.972428316958
2025-09-12 20:00:00+00:00,20,4,0,peak,,,,,,,,,,,,,,,,,,,,,,VIC1,169.90548076109997,11218.94480868504
2025-09-12 20:30:00+00:00,20,4,0,peak,,,,,,,,,,,,,,,,,,,,,,VIC1,159.10554124402836,9734.997536892875
2025-09-12 21:00:00+00:00,21,4,0,peak,,,,,,,,,,,,,,,,,,,,,,VIC1,157.1215691937929,10822.833675275546
2025-09-12 21:30:00+00:00,21,4,0,peak,,,,,,,,,,,,,,,,,,,,,,VIC1,156.50582639185126,11134.660393299386
2025-09-12 22:00:00+00:00,22,4,0,shoulder,,,,,,,,,,,,,,,,,,,,,,VIC1,71.7712176385859,7809.259456174299
2025-09-12 22:30:00+00:00,22,4,0,shoulder,,,,,,,,,,,,,,,,,,,,,,VIC1,69.74604480333785,8245.851785883178
2025-09-12 23:00:00+00:00,23,4,0,shoulder,,,,,,,,,,,,,,,,,,,,,,VIC1,52.32508928556282,7676.470187119047
2025-09-12 23:30:00+00:00,23,4,0,shoulder,,,,,,,,,,,,,,,,,,,,,,VIC1,52.83646303884805,7727.207778353779
2025-09-13 00:00:00+00:00,0,5,1,other,,,,,,,,,,,,,,,,,,,,,,VIC1,54.357132221300205,6539.604398012254
2025-09-13 00:30:00+00:00,0,5,1,other,,,,,,,,,,,,,,,,,,,,,,VIC1,59.26025814418943,7357.727888822735
2025-09-13 01:00:00+00:00,1,5,1,other,,,,,,,,,,,,,,,,,,,,,,VIC1,47.53303112898365,4390.337822508023
2025-09-13 01:30:00+00:00,1,5,1,other,,,,,,,,,,,,,,,,,,,,,,VIC1,47.104085605902604,3676.0531021395664
2025-09-13 02:00:00+00:00,2,5,1,other,,,,,,,,,,,,,,,,,,,,,,VIC1,53.974992273202396,4454.932824747016
2025-09-13 02:30:00+00:00,2,5,1,other,,,,,,,,,,,,,,,,,,,,,,VIC1,50.30485576910547,3479.163331315207
2025-09-13 03:00:00+00:00,3,5,1,other,,,,,,,,,,,,,,,,,,,,,,VIC1,42.54488594064213,4050.4164527980142
2025-09-13 03:30:00+00:00,3,5,1,other,,,,,,,,,,,,,,,,,,,,,,VIC1,50.07989080293535,4378.0953707824
2025-09-13 04:00:00+00:00,4,5,1,other,,,,,,,,,,,,,,,,,,,,,,VIC1,56.250193588615375,4236.958406904679
2025-09-13 04:30:00+00:00,4,5,1,other,,,,,,,,,,,,,,,,,,,,,,VIC1,57.040838301329465,4008.2994756388566
2025-09-13 05:00:00+00:00,5,5,1,other,,,,,,,,,,,,,,,,,,,,,,VIC1,50.96061277337198,3971.084757824441
2025-09-13 05:30:00+00:00,5,5,1,other,,,,,,,,,,,,,,,,,,,,,,VIC1,55.488601572838576,4262.283326776889
2025-09-13 06:00:00+00:00,6,5,1,shoulder,,,,,,,,,,,,,,,,,,,,,,VIC1,46.679762188776834,6332.287053761875
2025-09-13 06:30:00+00:00,6,5,1,shoulder,,,,,,,,,,,,,,,,,,,,,,VIC1,61.13482641526273,7414.701999579201
2025-09-13 07:00:00+00:00,7,5,1,peak,,,,,,,,,,,,,,,,,,,,,,VIC1,175.67091717968486,9060.092814831882
2025-09-13 07:30:00+00:00,7,5,1,peak,,,,,,,,,,,,,,,,,,,,,,VIC1,150.23908843784892,9148.842073681717
2025-09-13 08:00:00+00:00,8,5,1,peak,,,,,,,,,,,,,,,,,,,,,,VIC1,142.0402081993462,8041.941317674001
2025-09-13 08:30:00+00:00,8,5,1,peak,,,,,,,,,,,,,,,,,,,,,,VIC1,142.1480276924149,9070.298702265261
2025-09-13 09:00:00+00:00,9,5,1,peak,,,,,,,,,,,,,,,,,,,,,,VIC1,135.79574467158048,9688.27693899304
2025-09-13 09:30:00+00:00,9,5,1,peak,,,,,,,,,,,,,,,,,,,,,,VIC1,111.74985071494609,9225.34386247882
2025-09-13 10:00:00+00:00,10,5,1,other,,,,,,,,,,,,,,,,,,,,,,VIC1,53.90908384925428,6823.613201472524
2025-09-13 10:30:00+00:00,10,5,1,other,,,,,,,,,,,,,,,,,,,,,,VIC1,47.77458807755052,6323.293539965469
2025-09-13 11:00:00+00:00,11,5,1,other,,,,,,,,,,,,,,,,,,,,,,VIC1,57.20781719298653,5944.96466464892
2025-09-13 11:30:00+00:00,11,5,1,other,,,,,,,,,,,,,,,,,,,,,,VIC1,42.57306134307617,6349.399892230128
2025-09-13 12:00:00+00:00,12,5,1,other,,,,,,,,,,,,,,,,,,,,,,VIC1,60.32696356816127,7232.355286881653
2025-09-13 12:30:00+00:00,12,5,1,other,,,,,,,,,,,,,,,,,,,,,,VIC1,47.911985283315694,7067.596873900793
2025-09-13 13:00:00+00:00,13,5,1,other,,,,,,,,,,,,,,,,,,,,,,VIC1,51.42414051456162,7938.178697627248
2025-09-13 13:30:00+00:00,13,5,1,other,,,,,,,,,,,,,,,,,,,,,,VIC1,52.83638072401944,7814.71089501822
2025-09-13 14:00:00+00:00,14,5,1,other,,,,,,,,,,,,,,,,,,,,,,VIC1,56.25784808816795,6937.639584112216
2025-09-13 14:30:00+00:00,14,5,1,other,,,,,,,,,,,,,,,,,,,,,,VIC1,54.92945420564093,6951.778336500632
2025-09-13 15:00:00+00:00,15,5,1,other,,,,,,,,,,,,,,,,,,,,,,VIC1,63.671911995239114,6435.246590590352
2025-09-13 15:30:00+00:00,15,5,1,other,,,,,,,,,,,,,,,,,,,,,,VIC1,43.094488739839264,6023.7395438433905
2025-09-13 16:00:00+00:00,16,5,1,other,,,,,,,,,,,,,,,,,,,,,,VIC1,49.76596045237547,6442.91566115229
2025-09-13 16:30:00+00:00,16,5,1,other,,,,,,,,,,,,,,,,,,,,,,VIC1,64.04389314984822,7000.714054552422
2025-09-13 17:00:00+00:00,17,5,1,peak,,,,,,,,,,,,,,,,,,,,,,VIC1,202.56574896528977,8935.464002508623
2025-09-13 17:30:00+00:00,17,5,1,peak,,,,,,,,,,,,,,,,,,,,,,VIC1,144.97268127754506,10188.159419204703
2025-09-13 18:00:00+00:00,18,5,1,peak,,,,,,,,,,,,,,,,,,,,,,VIC1,151.26484511578397,9522.671835513735
2025-09-13 18:30:00+00:00,18,5,1,peak,,,,,,,,,,,,,,,,,,,,,,VIC1,170.86473770605775,8827.205686813119
2025-09-13 19:00:00+00:00,19,5,1,peak,,,,,,,,,,,,,,,,,,,,,,VIC1,157.35808041441908,8958.073861350027
2025-09-13 19:30:00+00:00,19,5,1,peak,,,,,,,,,,,,,,,,,,,,,,VIC1,207.4410332196293,8477.225947147519
2025-09-13 20:00:00+00:00,20,5,1,peak,,,,,,,,,,,,,,,,,,,,,,VIC1,113.37879248215422,9496.651174739869
2025-09-13 20:30:00+00:00,20,5,1,peak,,,,,,,,,,,,,,,,,,,,,,VIC1,156.79848683003,8836.875401466536
2025-09-13 21:00:00+00:00,21,5,1,peak,,,,,,,,,,,,,,,,,,,,,,VIC1,174.7126126658663,9136.908995667533
2025-09-13 21:30:00+00:00,21,5,1,peak,,,,,,,,,,,,,,,,,,,,,,VIC1,117.9135144212665,9220.239166197338
2025-09-13 22:00:00+00:00,22,5,1,shoulder,,,,,,,,,,,,,,,,,,,,,,VIC1,49.87361410566257,6779.866957247847
2025-09-13 22:30:00+00:00,22,5,1,shoulder,,,,,,,,,,,,,,,,,,,,,,VIC1,54.408825133643695,6433.589882273303
2025-09-13 23:00:00+00:00,23,5,1,shoulder,,,,,,,,,,,,,,,,,,,,,,VIC1,47.80080468532076,6982.807463992535
2025-09-13 23:30:00+00:00,23,5,1,shoulder,,,,,,,,,,,,,,,,,,,,,,VIC1,46.50529347238622,7121.076997780537
2025-09-14 00:00:00+00:00,0,6,1,other,,,,,,,,,,,,,,,,,,,,,,VIC1,56.74877054204835,7388.987909694305
2025-09-14 00:30:00+00:00,0,6,1,other,,,,,,,,,,,,,,,,,,,,,,VIC1,60.140766629431766,6761.8562526194155
2025-09-14 01:00:00+00:00,1,6,1,other,,,,,,,,,,,,,,,,,,,,,,VIC1,65.7646687369581,4342.200902199197
2025-09-14 01:30:00+00:00,1,6,1,other,,,,,,,,,,,,,,,,,,,,,,VIC1,49.3863480270725,3996.847467708045
2025-09-14 02:00:00+00:00,2,6,1,other,,,,,,,,,,,,,,,,,,,,,,VIC1,61.3071937567958,4049.226472082157
2025-09-14 02:30:00+00:00,2,6,1,other,,,,,,,,,,,,,,,,,,,,,,VIC1,48.05819804995638,4166.420553962187
2025-09-14 03:00:00+00:00,3,6,1,other,,,,,,,,,,,,,,,,,,,,,,VIC1,47.1853352156912,3705.58289196854
2025-09-14 03:30:00+00:00,3,6,1,other,,,,,,,,,,,,,,,,,,,,,,VIC1,61.1723709095052,3713.823360947092
2025-09-14 04:00:00+00:00,4,6,1,other,,,,,,,,,,,,,,,,,,,,,,VIC1,50.09681012388878,3847.307458139849
2025-09-14 04:30:00+00:00,4,6,1,other,,,,,,,,,,,,,,,,,,,,,,VIC1,52.38633894815351,3605.6956842125287
2025-09-14 05:00:00+00:00,5,6,1,other,,,,,,,,,,,,,,,,,,,,,,VIC1,44.112751381139915,3715.1342689667667
2025-09-14 05:30:00+00:00,5,6,1,other,,,,,,,,,,,,,,,,,,,,,,VIC1,55.98232703449566,4084.04555247222
2025-09-14 06:00:00+00:00,6,6,1,shoulder,,,,,,,,,,,,,,,,,,,,,,VIC1,34.32700860212179,7245.382735020062
2025-09-14 06:30:00+00:00,6,6,1,shoulder,,,,,,,,,,,,,,,,,,,,,,VIC1,54.80308704451436,6655.142719648806
2025-09-14 07:00:00+00:00,7,6,1,peak,,,,,,,,,,,,,,,,,,,,,,VIC1,125.62906327148167,9462.428559694255
2025-09-14 07:30:00+00:00,7,6,1,peak,,,,,,,,,,,,,,,,,,,,,,VIC1,135.34001972524248,9350.631018559774
2025-09-14 08:00:00+00:00,8,6,1,peak,,,,,,,,,,,,,,,,,,,,,,VIC1,138.77150910910782,8934.155976592529
2025-09-14 08:30:00+00:00,8,6,1,peak,,,,,,,,,,,,,,,,,,,,,,VIC1,106.71457212591251,7617.851772990757
2025-09-14 09:00:00+00:00,9,6,1,peak,,,,,,,,,,,,,,,,,,,,,,VIC1,143.5322307265926,7968.045355196566
2025-09-14 09:30:00+00:00,9,6,1,peak,,,,,,,,,,,,,,,,,,,,,,VIC1,161.51943578245383,9009.781404715337
2025-09-14 10:00:00+00:00,10,6,1,other,,,,,,,,,,,,,,,,,,,,,,VIC1,43.94251450484454,6872.998071325457
2025-09-14 10:30:00+00:00,10,6,1,other,,,,,,,,,,,,,,,,,,,,,,VIC1,52.88115685240448,6298.690868005262
2025-09-14 11:00:00+00:00,11,6,1,other,,,,,,,,,,,,,,,,,,,,,,VIC1,63.39204593351045,6173.850908166457
2025-09-14 11:30:00+00:00,11,6,1,other,,,,,,,,,,,,,,,,,,,,,,VIC1,42.217779715316986,6569.898542725787
2025-09-14 12:00:00+00:00,12,6,1,other,,,,,,,,,,,,,,,,,,,,,,VIC1,57.429674273249624,6734.538198062918
2025-09-14 12:30:00+00:00,12,6,1,other,,,,,,,,,,,,,,,,,,,,,,VIC1,36.68894319403287,6999.385168850509
2025-09-14 13:00:00+00:00,13,6,1,other,,,,,,,,,,,,,,,,,,,,,,VIC1,56.02167646525754,7163.726973700772
2025-09-14 13:30:00+00:00,13,6,1,other,,,,,,,,,,,,,,,,,,,,,,VIC1,61.715214274127206,7726.460324022171
2025-09-14 14:00:00+00:00,14,6,1,other,,,,,,,,,,,,,,,,,,,,,,VIC1,55.167359799810036,7400.169588827899
2025-09-14 14:30:00+00:00,14,6,1,other,,,,,,,,,,,,,,,,,,,,,,VIC1,49.65501413261787,6904.26668314459
2025-09-14 15:00:00+00:00,15,6,1,other,,,,,,,,,,,,,,,,,,,,,,VIC1,41.81726348012374,6296.536068654195
2025-09-14 15:30:00+00:00,15,6,1,other,,,,,,,,,,,,,,,,,,,,,,VIC1,48.573079243443836,6440.570545047293
2025-09-14 16:00:00+00:00,16,6,1,other,,,,,,,,,,,,,,,,,,,,,,VIC1,41.732153221305325,6276.2873143746165
2025-09-14 16:30:00+00:00,16,6,1,other,,,,,,,,,,,,,,,,,,,,,,VIC1,48.6010654659897,7408.750723202981
2025-09-14 17:00:00+00:00,17,6,1,peak,,,,,,,,,,,,,,,,,,,,,,VIC1,106.6497928286645,9030.278127075579
2025-09-14 17:30:00+00:00,17,6,1,peak,,,,,,,,,,,,,,,,,,,,,,VIC1,117.60560598563862,8114.312844598462
2025-09-14 18:00:00+00:00,18,6,1,peak,,,,,,,,,,,,,,,,,,,,,,VIC1,153.97624145651895,9525.61267502723
2025-09-14 18:30:00+00:00,18,6,1,peak,,,,,,,,,,,,,,,,,,,,,,VIC1,157.34758580459606,8893.956674115205
2025-09-14 19:00:00+00:00,19,6,1,peak,,,,,,,,,,,,,,,,,,,,,,VIC1,210.3630987901954,8607.008971161447
2025-09-14 19:30:00+00:00,19,6,1,peak,,,,,,,,,,,,,,,,,,,,,,VIC1,114.34745453103906,8619.964331447798
2025-09-14 20:00:00+00:00,20,6,1,peak,,,,,,,,,,,,,,,,,,,,,,VIC1,101.55756107244521,8448.712591814452
2025-09-14 20:30:00+00:00,20,6,1,peak,,,,,,,,,,,,,,,,,,,,,,VIC1,134.93955776268305,8354.751648957641
2025-09-14 21:00:00+00:00,21,6,1,peak,,,,,,,,,,,,,,,,,,,,,,VIC1,135.449022666525,8446.042066809297
2025-09-14 21:30:00+00:00,21,6,1,peak,,,,,,,,,,,,,,,,,,,,,,VIC1,149.92913991912013,9371.36138867492
2025-09-14 22:00:00+00:00,22,6,1,shoulder,,,,,,,,,,,,,,,,,,,,,,VIC1,71.07683427558369,7474.162844216527
2025-09-14 22:30:00+00:00,22,6,1,shoulder,,,,,,,,,,,,,,,,,,,,,,VIC1,45.08985123322603,6801.66856349811
2025-09-14 23:00:00+00:00,23,6,1,shoulder,,,,,,,,,,,,,,,,,,,,,,VIC1,39.161186958946104,6920.154227182162
2025-09-14 23:30:00+00:00,23,6,1,shoulder,,,,,,,,,,,,,,,,,,,,,,VIC1,44.38280737551065,6731.842324946305
2025-09-15 00:00:00+00:00,0,0,0,other,,,,,,,,,,,,,,,,,,,,,,VIC1,69.11939603465552,7749.397580054934
2025-09-15 00:30:00+00:00,0,0,0,other,,,,,,,,,,,,,,,,,,,,,,VIC1,68.20132978727271,8243.798564590079
2025-09-15 01:00:00+00:00,1,0,0,other,,,,,,,,,,,,,,,,,,,,,,VIC1,66.71377704437195,5058.811569188277
2025-09-15 01:30:00+00:00,1,0,0,other,,,,,,,,,,,,,,,,,,,,,,VIC1,54.00246785434342,5138.40930486701
2025-09-15 02:00:00+00:00,2,0,0,other,,,,,,,,,,,,,,,,,,,,,,VIC1,58.53555707047525,4349.417351167883
2025-09-15 02:30:00+00:00,2,0,0,other,,,,,,,,,,,,,,,,,,,,,,VIC1,78.11122028172281,4546.08034460052
2025-09-15 03:00:00+00:00,3,0,0,other,,,,,,,,,,,,,,,,,,,,,,VIC1,59.49042158581351,5635.722627495951
2025-09-15 03:30:00+00:00,3,0,0,other,,,,,,,,,,,,,,,,,,,,,,VIC1,62.58336782754063,5315.481583281253
2025-09-15 04:00:00+00:00,4,0,0,other,,,,,,,,,,,,,,,,,,,,,,VIC1,66.00383485561176,4757.257660151736
2025-09-15 04:30:00+00:00,4,0,0,other,,,,,,,,,,,,,,,,,,,,,,VIC1,46.861132464772545,5701.629853048269
2025-09-15 05:00:00+00:00,5,0,0,other,,,,,,,,,,,,,,,,,,,,,,VIC1,71.64477493247632,5163.397071225139
2025-09-15 05:30:00+00:00,5,0,0,other,,,,,,,,,,,,,,,,,,,,,,VIC1,82.9272174293603,4954.308278040943
2025-09-15 06:00:00+00:00,6,0,0,shoulder,,,,,,,,,,,,,,,,,,,,,,VIC1,61.302793115270006,7756.6719966297715
2025-09-15 06:30:00+00:00,6,0,0,shoulder,,,,,,,,,,,,,,,,,,,,,,VIC1,56.781077445707105,8844.784934039186
2025-09-15 07:00:00+00:00,7,0,0,peak,,,,,,,,,,,,,,,,,,,,,,VIC1,221.01645385848042,10531.000097094091
2025-09-15 07:30:00+00:00,7,0,0,peak,,,,,,,,,,,,,,,,,,,,,,VIC1,205.2308439433472,10879.177738385579
2025-09-15 08:00:00+00:00,8,0,0,peak,,,,,,,,,,,,,,,,,,,,,,VIC1,130.45253281312858,11667.454877642813
2025-09-15 08:30:00+00:00,8,0,0,peak,,,,,,,,,,,,,,,,,,,,,,VIC1,172.39445324874006,10654.756841413082
2025-09-15 09:00:00+00:00,9,0,0,peak,,,,,,,,,,,,,,,,,,,,,,VIC1,218.64205363280198,10274.399041565723
2025-09-15 09:30:00+00:00,9,0,0,peak,,,,,,,,,,,,,,,,,,,,,,VIC1,138.78401034335226,10086.579164515028
2025-09-15 10:00:00+00:00,10,0,0,other,,,,,,,,,,,,,,,,,,,,,,VIC1,68.62267501577891,7838.9407664735345
2025-09-15 10:30:00+00:00,10,0,0,other,,,,,,,,,,,,,,,,,,,,,,VIC1,59.351875105450375,8241.681111482903
2025-09-15 11:00:00+00:00,11,0,0,other,,,,,,,,,,,,,,,,,,,,,,VIC1,63.07464498839591,7794.695176241646
2025-09-15 11:30:00+00:00,11,0,0,other,,,,,,,,,,,,,,,,,,,,,,VIC1,54.39908678136781,8178.267831598985
2025-09-15 12:00:00+00:00,12,0,0,other,,,,,,,,,,,,,,,,,,,,,,VIC1,64.02921454148802,8218.76231731648
2025-09-15 12:30:00+00:00,12,0,0,other,,,,,,,,,,,,,,,,,,,,,,VIC1,61.51355947703343,7640.32940029198
2025-09-15 13:00:00+00:00,13,0,0,other,,,,,,,,,,,,,,,,,,,,,,VIC1,76.8395288636305,8282.471460052273
2025-09-15 13:30:00+00:00,13,0,0,other,,,,,,,,,,,,,,,,,,,,,,VIC1,72.4104161851049,7972.855318280352
2025-09-15 14:00:00+00:00,14,0,0,other,,,,,,,,,,,,,,,,,,,,,,VIC1,58.998626517798314,7733.223352790085
2025-09-15 14:30:00+00:00,14,0,0,other,,,,,,,,,,,,,,,,,,,,,,VIC1,74.55671817172039,8393.167766949486
2025-09-15 15:00:00+00:00,15,0,0,other,,,,,,,,,,,,,,,,,,,,,,VIC1,71.08981169363811,7793.642252192821
2025-09-15 15:30:00+00:00,15,0,0,other,,,,,,,,,,,,,,,,,,,,,,VIC1,72.15464860239031,7370.5659379654335
2025-09-15 16:00:00+00:00,16,0,0,other,,,,,,,,,,,,,,,,,,,,,,VIC1,74.89845842086035,7182.4268399302055
2025-09-15 16:30:00+00:00,16,0,0,other,,,,,,,,,,,,,,,,,,,,,,VIC1,75.5107018058744,7467.534393757015
2025-09-15 17:00:00+00:00,17,0,0,peak,,,,,,,,,,,,,,,,,,,,,,VIC1,150.82313085509793,10431.578094281922
2025-09-15 17:30:00+00:00,17,0,0,peak,,,,,,,,,,,,,,,,,,,,,,VIC1,208.9796977492032,11623.228961896575
2025-09-15 18:00:00+00:00,18,0,0,peak,,,,,,,,,,,,,,,,,,,,,,VIC1,121.93601880308204,10573.190780008186
2025-09-15 18:30:00+00:00,18,0,0,peak,,,,,,,,,,,,,,,,,,,,,,VIC1,179.1766076271759,10115.29712716321
2025-09-15 19:00:00+00:00,19,0,0,peak,,,,,,,,,,,,,,,,,,,,,,VIC1,178.51191353091426,10816.177175897199
2025-09-15 19:30:00+00:00,19,0,0,peak,,,,,,,,,,,,,,,,,,,,,,VIC1,174.8673488375503,11230.334955903885
2025-09-15 20:00:00+00:00,20,0,0,peak,,,,,,,,,,,,,,,,,,,,,,VIC1,150.93919535518438,10444.271437928604
2025-09-15 20:30:00+00:00,20,0,0,peak,,,,,,,,,,,,,,,,,,,,,,VIC1,241.57335674593918,9353.128530329997
2025-09-15 21:00:00+00:00,21,0,0,peak,,,,,,,,,,,,,,,,,,,,,,VIC1,226.6241006144643,10262.941695479143
2025-09-15 21:30:00+00:00,21,0,0,peak,,,,,,,,,,,,,,,,,,,,,,VIC1,200.49195367990058,11758.62484970932
2025-09-15 22:00:00+00:00,22,0,0,shoulder,,,,,,,,,,,,,,,,,,,,,,VIC1,70.28272937348537,8601.746317493093
2025-09-15 22:30:00+00:00,22,0,0,shoulder,,,,,,,,,,,,,,,,,,,,,,VIC1,67.68284272792677,8055.872788611262
2025-09-15 23:00:00+00:00,23,0,0,shoulder,,,,,,,,,,,,,,,,,,,,,,VIC1,71.9883659644634,7874.674721668173
2025-09-15 23:30:00+00:00,23,0,0,shoulder,,,,,,,,,,,,,,,,,,,,,,VIC1,85.44814995591797,8015.522621485701
2025-09-16 00:00:00+00:00,0,1,0,other,,,,,,,,,,,,,,,,,,,,,,VIC1,70.22852039183172,8227.946682145632
2025-09-16 00:30:00+00:00,0,1,0,other,,,,,,,,,,,,,,,,,,,,,,VIC1,94.43435464793522,8158.86639736099
2025-09-16 01:00:00+00:00,1,1,0,other,,,,,,,,,,,,,,,,,,,,,,VIC1,57.75378353865088,4691.47141381376
2025-09-16 01:30:00+00:00,1,1,0,other,,,,,,,,,,,,,,,,,,,,,,VIC1,60.19934968348805,4652.529929142025
2025-09-16 02:00:00+00:00,2,1,0,other,,,,,,,,,,,,,,,,,,,,,,VIC1,55.92547702803902,4906.023087259996
2025-09-16 02:30:00+00:00,2,1,0,other,,,,,,,,,,,,,,,,,,,,,,VIC1,70.62613393537298,4543.548741274673
2025-09-16 03:00:00+00:00,3,1,0,other,,,,,,,,,,,,,,,,,,,,,,VIC1,59.220783401195824,4860.496415173608
2025-09-16 03:30:00+00:00,3,1,0,other,,,,,,,,,,,,,,,,,,,,,,VIC1,69.67149355427388,4879.132129584789
2025-09-16 04:00:00+00:00,4,1,0,other,,,,,,,,,,,,,,,,,,,,,,VIC1,63.93212799472043,4574.548650904586
2025-09-16 04:30:00+00:00,4,1,0,other,,,,,,,,,,,,,,,,,,,,,,VIC1,52.75924644505403,5082.654323933123
2025-09-16 05:00:00+00:00,5,1,0,other,,,,,,,,,,,,,,,,,,,,,,VIC1,66.4477425607704,5405.828048710246
2025-09-16 05:30:00+00:00,5,1,0,other,,,,,,,,,,,,,,,,,,,,,,VIC1,59.23477655077415,5128.025993097071
2025-09-16 06:00:00+00:00,6,1,0,shoulder,,,,,,,,,,,,,,,,,,,,,,VIC1,59.657437371279784,7719.989622911711
2025-09-16 06:30:00+00:00,6,1,0,shoulder,,,,,,,,,,,,,,,,,,,,,,VIC1,65.167855192721,8403.588321566634
2025-09-16 07:00:00+00:00,7,1,0,peak,,,,,,,,,,,,,,,,,,,,,,VIC1,226.2484348221132,10218.037275163406
2025-09-16 07:30:00+00:00,7,1,0,peak,,,,,,,,,,,,,,,,,,,,,,VIC1,108.15171773503393,10539.996725379224
2025-09-16 08:00:00+00:00,8,1,0,peak,,,,,,,,,,,,,,,,,,,,,,VIC1,199.34663174241555,9725.498255354041
2025-09-16 08:30:00+00:00,8,1,0,peak,,,,,,,,,,,,,,,,,,,,,,VIC1,168.18935553715403,11665.230710833132
2025-09-16 09:00:00+00:00,9,1,0,peak,,,,,,,,,,,,,,,,,,,,,,VIC1,221.91212165251608,11255.871952215954
2025-09-16 09:30:00+00:00,9,1,0,peak,,,,,,,,,,,,,,,,,,,,,,VIC1,145.63276913213903,10683.160456365518
2025-09-16 10:00:00+00:00,10,1,0,other,,,,,,,,,,,,,,,,,,,,,,VIC1,56.57000191812604,8392.683132932852
2025-09-16 10:30:00+00:00,10,1,0,other,,,,,,,,,,,,,,,,,,,,,,VIC1,68.0368629648738,8091.871740661596
2025-09-16 11:00:00+00:00,11,1,0,other,,,,,,,,,,,,,,,,,,,,,,VIC1,59.37043634842535,8564.548404745803
2025-09-16 11:30:00+00:00,11,1,0,other,,,,,,,,,,,,,,,,,,,,,,VIC1,74.15424582030882,7893.462168025141
2025-09-16 12:00:00+00:00,12,1,0,other,,,,,,,,,,,,,,,,,,,,,,VIC1,74.14213956386368,8010.727518359063
2025-09-16 12:30:00+00:00,12,1,0,other,,,,,,,,,,,,,,,,,,,,,,VIC1,62.66596931596509,8403.307298519709
2025-09-16 13:00:00+00:00,13,1,0,other,,,,,,,,,,,,,,,,,,,,,,VIC1,64.20775898866509,7880.644447410207
2025-09-16 13:30:00+00:00,13,1,0,other,,,,,,,,,,,,,,,,,,,,,,VIC1,55.19597842787691,7594.307675330371
2025-09-16 14:00:00+00:00,14,1,0,other,,,,,,,,,,,,,,,,,,,,,,VIC1,70.99642961812116,7548.828217390446
2025-09-16 14:30:00+00:00,14,1,0,other,,,,,,,,,,,,,,,,,,,,,,VIC1,63.67694188301449,7943.970437572214
2025-09-16 15:00:00+00:00,15,1,0,other,,,,,,,,,,,,,,,,,,,,,,VIC1,75.86047610013652,8400.11126286311
2025-09-16 15:30:00+00:00,15,1,0,other,,,,,,,,,,,,,,,,,,,,,,VIC1,69.89229174183627,7128.233298766582
2025-09-16 16:00:00+00:00,16,1,0,other,,,,,,,,,,,,,,,,,,,,,,VIC1,68.12231357071936,7883.225672720535
2025-09-16 16:30:00+00:00,16,1,0,other,,,,,,,,,,,,,,,,,,,,,,VIC1,84.0218565348654,7971.225954963981
2025-09-16 17:00:00+00:00,17,1,0,peak,,,,,,,,,,,,,,,,,,,,,,VIC1,164.9275069796776,9511.296098365767
2025-09-16 17:30:00+00:00,17,1,0,peak,,,,,,,,,,,,,,,,,,,,,,VIC1,149.64507736149577,9873.502643303424
2025-09-16 18:00:00+00:00,18,1,0,peak,,,,,,,,,,,,,,,,,,,,,,VIC1,158.41844523405265,11084.670846216615
2025-09-16 18:30:00+00:00,18,1,0,peak,,,,,,,,,,,,,,,,,,,,,,VIC1,183.3716167675538,11058.553129237276
2025-09-16 19:00:00+00:00,19,1,0,peak,,,,,,,,,,,,,,,,,,,,,,VIC1,154.19618431825583,10409.867336566169
2025-09-16 19:30:00+00:00,19,1,0,peak,,,,,,,,,,,,,,,,,,,,,,VIC1,182.5864892425812,10608.181867031688
2025-09-16 20:00:00+00:00,20,1,0,peak,,,,,,,,,,,,,,,,,,,,,,VIC1,197.09873071361233,9623.920141178069
2025-09-16 20:30:00+00:00,20,1,0,peak,,,,,,,,,,,,,,,,,,,,,,VIC1,212.58617592840227,9777.417912448276
2025-09-16 21:00:00+00:00,21,1,0,peak,,,,,,,,,,,,,,,,,,,,,,VIC1,153.17748553197987,11618.528262304804
2025-09-16 21:30:00+00:00,21,1,0,peak,,,,,,,,,,,,,,,,,,,,,,VIC1,187.20481663543535,11412.95800319711
2025-09-16 22:00:00+00:00,22,1,0,shoulder,,,,,,,,,,,,,,,,,,,,,,VIC1,75.7075359903184,8661.972922407367
2025-09-16 22:30:00+00:00,22,1,0,shoulder,,,,,,,,,,,,,,,,,,,,,,VIC1,74.54795939277176,8472.373774440068
2025-09-16 23:00:00+00:00,23,1,0,shoulder,,,,,,,,,,,,,,,,,,,,,,VIC1,63.12762199060584,8338.052212564933
2025-09-16 23:30:00+00:00,23,1,0,shoulder,,,,,,,,,,,,,,,,,,,,,,VIC1,58.845561755567594,7022.856589346176
2025-09-17 00:00:00+00:00,0,2,0,other,,,,,,,,,,,,,,,,,,,,,,VIC1,62.46494741356955,7615.656140333442
2025-09-17 00:30:00+00:00,0,2,0,other,,,,,,,,,,,,,,,,,,,,,,VIC1,69.5646471915721,8026.701075931414
2025-09-17 01:00:00+00:00,1,2,0,other,,,,,,,,,,,,,,,,,,,,,,VIC1,52.02293965061303,4868.885334367039
2025-09-17 01:30:00+00:00,1,2,0,other,,,,,,,,,,,,,,,,,,,,,,VIC1,63.929476990030885,4928.202867781984
2025-09-17 02:00:00+00:00,2,2,0,other,,,,,,,,,,,,,,,,,,,,,,VIC1,73.1883913774409,4575.776921448513
2025-09-17 02:30:00+00:00,2,2,0,other,,,,,,,,,,,,,,,,,,,,,,VIC1,74.13812680099528,4839.702605387428
2025-09-17 03:00:00+00:00,3,2,0,other,,,,,,,,,,,,,,,,,,,,,,VIC1,54.30590796380965,4704.540140236468
2025-09-17 03:30:00+00:00,3,2,0,other,,,,,,,,,,,,,,,,,,,,,,VIC1,60.54951649549774,4983.763028453295
2025-09-17 04:00:00+00:00,4,2,0,other,,,,,,,,,,,,,,,,,,,,,,VIC1,80.00891474913347,4560.517976820454
2025-09-17 04:30:00+00:00,4,2,0,other,,,,,,,,,,,,,,,,,,,,,,VIC1,74.60384616494092,5239.924619218086
2025-09-17 05:00:00+00:00,5,2,0,other,,,,,,,,,,,,,,,,,,,,,,VIC1,65.45024334348695,5185.760802495859
2025-09-17 05:30:00+00:00,5,2,0,other,,,,,,,,,,,,,,,,,,,,,,VIC1,62.88514936774214,4842.719637115969
2025-09-17 06:00:00+00:00,6,2,0,shoulder,,,,,,,,,,,,,,,,,,,,,,VIC1,74.49264743001274,7994.91029690825
2025-09-17 06:30:00+00:00,6,2,0,shoulder,,,,,,,,,,,,,,,,,,,,,,VIC1,73.09245355278917,7859.006873730684
2025-09-17 07:00:00+00:00,7,2,0,peak,,,,,,,,,,,,,,,,,,,,,,VIC1,217.62263680951764,10266.96858673004
2025-09-17 07:30:00+00:00,7,2,0,peak,,,,,,,,,,,,,,,,,,,,,,VIC1,209.63271894064053,10647.463236744978
2025-09-17 08:00:00+00:00,8,2,0,peak,,,,,,,,,,,,,,,,,,,,,,VIC1,178.63252071045957,10655.524360966343
2025-09-17 08:30:00+00:00,8,2,0,peak,,,,,,,,,,,,,,,,,,,,,,VIC1,130.0670018982929,10266.741376178186
2025-09-17 09:00:00+00:00,9,2,0,peak,,,,,,,,,,,,,,,,,,,,,,VIC1,202.89768746743957,10261.446688501392
2025-09-17 09:30:00+00:00,9,2,0,peak,,,,,,,,,,,,,,,,,,,,,,VIC1,239.65404092007293,10753.99284102003
2025-09-17 10:00:00+00:00,10,2,0,other,,,,,,,,,,,,,,,,,,,,,,VIC1,53.43726558681372,8596.231362552973
2025-09-17 10:30:00+00:00,10,2,0,other,,,,,,,,,,,,,,,,,,,,,,VIC1,61.812864139443,8461.287771525043
2025-09-17 11:00:00+00:00,11,2,0,other,,,,,,,,,,,,,,,,,,,,,,VIC1,48.74483156585305,8425.251281151195
2025-09-17 11:30:00+00:00,11,2,0,other,,,,,,,,,,,,,,,,,,,,,,VIC1,82.81145018898592,8138.948983119406
2025-09-17 12:00:00+00:00,12,2,0,other,,,,,,,,,,,,,,,,,,,,,,VIC1,66.51559334225342,7524.170430595305
2025-09-17 12:30:00+00:00,12,2,0,other,,,,,,,,,,,,,,,,,,,,,,VIC1,66.30527708645988,8140.056403222444
2025-09-17 13:00:00+00:00,13,2,0,other,,,,,,,,,,,,,,,,,,,,,,VIC1,71.8436497183567,7347.375105495111
2025-09-17 13:30:00+00:00,13,2,0,other,,,,,,,,,,,,,,,,,,,,,,VIC1,78.45456287007154,7933.291711969928
2025-09-17 14:00:00+00:00,14,2,0,other,,,,,,,,,,,,,,,,,,,,,,VIC1,66.76695498034823,8369.928755303614
2025-09-17 14:30:00+00:00,14,2,0,other,,,,,,,,,,,,,,,,,,,,,,VIC1,55.062122818113174,8678.971570184296
2025-09-17 15:00:00+00:00,15,2,0,other,,,,,,,,,,,,,,,,,,,,,,VIC1,81.59967331022445,8404.37474794611
2025-09-17 15:30:00+00:00,15,2,0,other,,,,,,,,,,,,,,,,,,,,,,VIC1,61.46652209321022,7978.930383358551
2025-09-17 16:00:00+00:00,16,2,0,other,,,,,,,,,,,,,,,,,,,,,,VIC1,64.88898618964188,7685.833937245388
2025-09-17 16:30:00+00:00,16,2,0,other,,,,,,,,,,,,,,,,,,,,,,VIC1,64.6217538534257,8181.811183126235
2025-09-17 17:00:00+00:00,17,2,0,peak,,,,,,,,,,,,,,,,,,,,,,VIC1,149.33060730365983,11912.801035355014
2025-09-17 17:30:00+00:00,17,2,0,peak,,,,,,,,,,,,,,,,,,,,,,VIC1,170.07286634039548,10547.482417016616
2025-09-17 18:00:00+00:00,18,2,0,peak,,,,,,,,,,,,,,,,,,,,,,VIC1,200.83125609038498,10750.664233901845
2025-09-17 18:30:00+00:00,18,2,0,peak,,,,,,,,,,,,,,,,,,,,,,VIC1,262.56081450187764,10883.993960619899
2025-09-17 19:00:00+00:00,19,2,0,peak,,,,,,,,,,,,,,,,,,,,,,VIC1,238.81521314286653,9903.74011998592
2025-09-17 19:30:00+00:00,19,2,0,peak,,,,,,,,,,,,,,,,,,,,,,VIC1,141.4774796314477,11676.599297907305
2025-09-17 20:00:00+00:00,20,2,0,peak,,,,,,,,,,,,,,,,,,,,,,VIC1,166.6594418526001,10346.046063297941
2025-09-17 20:30:00+00:00,20,2,0,peak,,,,,,,,,,,,,,,,,,,,,,VIC1,196.94741022414314,9809.420689062079
2025-09-17 21:00:00+00:00,21,2,0,peak,,,,,,,,,,,,,,,,,,,,,,VIC1,176.35340539723933,10738.18075529888
2025-09-17 21:30:00+00:00,21,2,0,peak,,,,,,,,,,,,,,,,,,,,,,VIC1,140.66247582702195,10509.40983446649
2025-09-17 22:00:00+00:00,22,2,0,shoulder,,,,,,,,,,,,,,,,,,,,,,VIC1,67.4861456761837,7467.549711680689
2025-09-17 22:30:00+00:00,22,2,0,shoulder,,,,,,,,,,,,,,,,,,,,,,VIC1,64.95010970722268,8837.025166964342
2025-09-17 23:00:00+00:00,23,2,0,shoulder,,,,,,,,,,,,,,,,,,,,,,VIC1,60.42927638304218,7833.274600460889
2025-09-17 23:30:00+00:00,23,2,0,shoulder,,,,,,,,,,,,,,,,,,,,,,VIC1,57.32541038611095,8857.384836066547
2025-09-18 00:00:00+00:00,0,3,0,other,,,,,,,,,,,,,,,,,,,,,,VIC1,58.050567833687815,8175.617689188454
2025-09-11 00:30:00+00:00,0,3,0,other,,,,,,,,,,,,,,,,,,,,,,QLD1,71.04274702676818,8507.328022871317
2025-09-11 01:00:00+00:00,1,3,0,other,,,,,,,,,,,,,,,,,,,,,,QLD1,58.549447474347836,5065.809623308325
2025-09-11 01:30:00+00:00,1,3,0,other,,,,,,,,,,,,,,,,,,,,,,QLD1,58.12429475258838,4632.213053193468
2025-09-11 02:00:00+00:00,2,3,0,other,,,,,,,,,,,,,,,,,,,,,,QLD1,66.91401900024145,4855.72051761479
2025-09-11 02:30:00+00:00,2,3,0,other,,,,,,,,,,,,,,,,,,,,,,QLD1,68.03352315816335,4858.453072433381
2025-09-11 03:00:00+00:00,3,3,0,other,,,,,,,,,,,,,,,,,,,,,,QLD1,65.90490193575968,4896.423026342052
2025-09-11 03:30:00+00:00,3,3,0,other,,,,,,,,,,,,,,,,,,,,,,QLD1,66.44371175907574,4992.492438154417
2025-09-11 04:00:00+00:00,4,3,0,other,,,,,,,,,,,,,,,,,,,,,,QLD1,71.47595855967452,5365.702569697058
2025-09-11 04:30:00+00:00,4,3,0,other,,,,,,,,,,,,,,,,,,,,,,QLD1,70.60994147907792,4613.9486205469275
2025-09-11 05:00:00+00:00,5,3,0,other,,,,,,,,,,,,,,,,,,,,,,QLD1,68.513430656044,5097.037603655306
2025-09-11 05:30:00+00:00,5,3,0,other,,,,,,,,,,,,,,,,,,,,,,QLD1,59.19360588661327,4701.001816094874
2025-09-11 06:00:00+00:00,6,3,0,shoulder,,,,,,,,,,,,,,,,,,,,,,QLD1,57.02495904433896,7718.4038520404365
2025-09-11 06:30:00+00:00,6,3,0,shoulder,,,,,,,,,,,,,,,,,,,,,,QLD1,55.05987166089786,8114.982525500055
2025-09-11 07:00:00+00:00,7,3,0,peak,,,,,,,,,,,,,,,,,,,,,,QLD1,174.7610539026096,10774.19228106399
2025-09-11 07:30:00+00:00,7,3,0,peak,,,,,,,,,,,,,,,,,,,,,,QLD1,220.1648910590829,10892.04530490033
2025-09-11 08:00:00+00:00,8,3,0,peak,,,,,,,,,,,,,,,,,,,,,,QLD1,255.25555704354687,9327.844153321294
2025-09-11 08:30:00+00:00,8,3,0,peak,,,,,,,,,,,,,,,,,,,,,,QLD1,220.43008760765724,10433.003230947317
2025-09-11 09:00:00+00:00,9,3,0,peak,,,,,,,,,,,,,,,,,,,,,,QLD1,222.96005971142006,10457.602656411875
2025-09-11 09:30:00+00:00,9,3,0,peak,,,,,,,,,,,,,,,,,,,,,,QLD1,187.25791922039826,11350.086666337791
2025-09-11 10:00:00+00:00,10,3,0,other,,,,,,,,,,,,,,,,,,,,,,QLD1,67.86424212053427,8213.651002530474
2025-09-11 10:30:00+00:00,10,3,0,other,,,,,,,,,,,,,,,,,,,,,,QLD1,65.52488790275109,7843.746912394569
2025-09-11 11:00:00+00:00,11,3,0,other,,,,,,,,,,,,,,,,,,,,,,QLD1,59.17736967041354,8452.623217273296
2025-09-11 11:30:00+00:00,11,3,0,other,,,,,,,,,,,,,,,,,,,,,,QLD1,56.38940371532929,8412.216942185356
2025-09-11 12:00:00+00:00,12,3,0,other,,,,,,,,,,,,,,,,,,,,,,QLD1,55.65697538252652,7966.391118834806
2025-09-11 12:30:00+00:00,12,3,0,other,,,,,,,,,,,,,,,,,,,,,,QLD1,68.22804357496739,8156.183649340472
2025-09-11 13:00:00+00:00,13,3,0,other,,,,,,,,,,,,,,,,,,,,,,QLD1,62.654517673328776,8155.980213276844
2025-09-11 13:30:00+00:00,13,3,0,other,,,,,,,,,,,,,,,,,,,,,,QLD1,59.80656593514947,8441.396647845584
2025-09-11 14:00:00+00:00,14,3,0,other,,,,,,,,,,,,,,,,,,,,,,QLD1,47.11887904819296,8061.243732906092
2025-09-11 14:30:00+00:00,14,3,0,other,,,,,,,,,,,,,,,,,,,,,,QLD1,62.472707952809245,8438.303362349518
2025-09-11 15:00:00+00:00,15,3,0,other,,,,,,,,,,,,,,,,,,,,,,QLD1,79.09759986765164,9119.840232388811
2025-09-11 15:30:00+00:00,15,3,0,other,,,,,,,,,,,,,,,,,,,,,,QLD1,67.70522258983382,8271.624321045103
2025-09-11 16:00:00+00:00,16,3,0,other,,,,,,,,,,,,,,,,,,,,,,QLD1,65.11803475043318,8085.851610564835
2025-09-11 16:30:00+00:00,16,3,0,other,,,,,,,,,,,,,,,,,,,,,,QLD1,65.35647145764763,8977.586203334238
2025-09-11 17:00:00+00:00,17,3,0,peak,,,,,,,,,,,,,,,,,,,,,,QLD1,167.02931406591,9672.228218655802
2025-09-11 17:30:00+00:00,17,3,0,peak,,,,,,,,,,,,,,,,,,,,,,QLD1,166.2177018706219,9885.520936836738
2025-09-11 18:00:00+00:00,18,3,0,peak,,,,,,,,,,,,,,,,,,,,,,QLD1,198.68568526708387,9823.432491982283
2025-09-11 18:30:00+00:00,18,3,0,peak,,,,,,,,,,,,,,,,,,,,,,QLD1,234.66146995459422,11244.500346085415
2025-09-11 19:00:00+00:00,19,3,0,peak,,,,,,,,,,,,,,,,,,,,,,QLD1,200.20876905095488,11417.128258823896
2025-09-11 19:30:00+00:00,19,3,0,peak,,,,,,,,,,,,,,,,,,,,,,QLD1,200.08760799147518,11158.733959925217
2025-09-11 20:00:00+00:00,20,3,0,peak,,,,,,,,,,,,,,,,,,,,,,QLD1,141.08091331355737,10186.519632129784
2025-09-11 20:30:00+00:00,20,3,0,peak,,,,,,,,,,,,,,,,,,,,,,QLD1,244.04171641000553,10385.118596831737
2025-09-11 21:00:00+00:00,21,3,0,peak,,,,,,,,,,,,,,,,,,,,,,QLD1,163.3413526904114,11338.708240090651
2025-09-11 21:30:00+00:00,21,3,0,peak,,,,,,,,,,,,,,,,,,,,,,QLD1,144.56042006699755,10548.503257296901
2025-09-11 22:00:00+00:00,22,3,0,shoulder,,,,,,,,,,,,,,,,,,,,,,QLD1,67.33439155239266,8348.713017922943
2025-09-11 22:30:00+00:00,22,3,0,shoulder,,,,,,,,,,,,,,,,,,,,,,QLD1,63.49118537969526,9085.447340169338
2025-09-11 23:00:00+00:00,23,3,0,shoulder,,,,,,,,,,,,,,,,,,,,,,QLD1,63.21181635443814,8294.10641368344
2025-09-11 23:30:00+00:00,23,3,0,shoulder,,,,,,,,,,,,,,,,,,,,,,QLD1,68.75895200132308,7631.700079581981
2025-09-12 00:00:00+00:00,0,4,0,other,,,,,,,,,,,,,,,,,,,,,,QLD1,66.35726220951821,8419.373554397098
2025-09-12 00:30:00+00:00,0,4,0,other,,,,,,,,,,,,,,,,,,,,,,QLD1,69.58994467938408,8320.829652850296
2025-09-12 01:00:00+00:00,1,4,0,other,,,,,,,,,,,,,,,,,,,,,,QLD1,58.299443298350376,5038.485735613169
2025-09-12 01:30:00+00:00,1,4,0,other,,,,,,,,,,,,,,,,,,,,,,QLD1,69.0989078821884,4936.4261485255265
2025-09-12 02:00:00+00:00,2,4,0,other,,,,,,,,,,,,,,,,,,,,,,QLD1,60.04453208214378,4961.303744236287
2025-09-12 02:30:00+00:00,2,4,0,other,,,,,,,,,,,,,,,,,,,,,,QLD1,54.62315093824284,5286.3639362305985
2025-09-12 03:00:00+00:00,3,4,0,other,,,,,,,,,,,,,,,,,,,,,,QLD1,61.538866185364405,4941.306693062431
2025-09-12 03:30:00+00:00,3,4,0,other,,,,,,,,,,,,,,,,,,,,,,QLD1,69.32199378199797,4998.002071346374
2025-09-12 04:00:00+00:00,4,4,0,other,,,,,,,,,,,,,,,,,,,,,,QLD1,69.40971650262819,4154.871918133057
2025-09-12 04:30:00+00:00,4,4,0,other,,,,,,,,,,,,,,,,,,,,,,QLD1,35.73880422277586,5040.117188449357
2025-09-12 05:00:00+00:00,5,4,0,other,,,,,,,,,,,,,,,,,,,,,,QLD1,43.17225965166982,4780.178096999394
2025-09-12 05:30:00+00:00,5,4,0,other,,,,,,,,,,,,,,,,,,,,,,QLD1,61.25930254870439,5048.5004731829395
2025-09-12 06:00:00+00:00,6,4,0,shoulder,,,,,,,,,,,,,,,,,,,,,,QLD1,63.67219209555863,8287.785937321903
2025-09-12 06:30:00+00:00,6,4,0,shoulder,,,,,,,,,,,,,,,,,,,,,,QLD1,59.33647524066974,7917.236923836195
2025-09-12 07:00:00+00:00,7,4,0,peak,,,,,,,,,,,,,,,,,,,,,,QLD1,149.1630910474943,9959.59222288461
2025-09-12 07:30:00+00:00,7,4,0,peak,,,,,,,,,,,,,,,,,,,,,,QLD1,218.91936926641503,10327.203743233536
2025-09-12 08:00:00+00:00,8,4,0,peak,,,,,,,,,,,,,,,,,,,,,,QLD1,163.83328365245654,9778.947211179877
2025-09-12 08:30:00+00:00,8,4,0,peak,,,,,,,,,,,,,,,,,,,,,,QLD1,231.92016149244068,11234.669450419065
2025-09-12 09:00:00+00:00,9,4,0,peak,,,,,,,,,,,,,,,,,,,,,,QLD1,214.4493198133863,9821.260379997357
2025-09-12 09:30:00+00:00,9,4,0,peak,,,,,,,,,,,,,,,,,,,,,,QLD1,199.8011906347394,10336.175221328975
2025-09-12 10:00:00+00:00,10,4,0,other,,,,,,,,,,,,,,,,,,,,,,QLD1,73.28920418749641,8718.665035910783
2025-09-12 10:30:00+00:00,10,4,0,other,,,,,,,,,,,,,,,,,,,,,,QLD1,69.38892256487996,7365.19538130424
2025-09-12 11:00:00+00:00,11,4,0,other,,,,,,,,,,,,,,,,,,,,,,QLD1,50.02442397732591,7071.609872149271
2025-09-12 11:30:00+00:00,11,4,0,other,,,,,,,,,,,,,,,,,,,,,,QLD1,61.95774107388459,7831.824027472995
2025-09-12 12:00:00+00:00,12,4,0,other,,,,,,,,,,,,,,,,,,,,,,QLD1,58.98821803412563,7284.101351214707
2025-09-12 12:30:00+00:00,12,4,0,other,,,,,,,,,,,,,,,,,,,,,,QLD1,61.14858975708655,7354.853610260558
2025-09-12 13:00:00+00:00,13,4,0,other,,,,,,,,,,,,,,,,,,,,,,QLD1,59.31105017921633,7314.323861715979
2025-09-12 13:30:00+00:00,13,4,0,other,,,,,,,,,,,,,,,,,,,,,,QLD1,59.01922599222463,8383.786815257763
2025-09-12 14:00:00+00:00,14,4,0,other,,,,,,,,,,,,,,,,,,,,,,QLD1,74.17092238679638,7112.353258788046
2025-09-12 14:30:00+00:00,14,4,0,other,,,,,,,,,,,,,,,,,,,,,,QLD1,70.34118639449154,8143.956577330505
2025-09-12 15:00:00+00:00,15,4,0,other,,,,,,,,,,,,,,,,,,,,,,QLD1,67.1671037105155,7988.576409941402
2025-09-12 15:30:00+00:00,15,4,0,other,,,,,,,,,,,,,,,,,,,,,,QLD1,70.78091114144871,7366.71057484461
2025-09-12 16:00:00+00:00,16,4,0,other,,,,,,,,,,,,,,,,,,,,,,QLD1,66.89485151764782,8121.392025618788
2025-09-12 16:30:00+00:00,16,4,0,other,,,,,,,,,,,,,,,,,,,,,,QLD1,67.09237870185505,8351.177766392168
2025-09-12 17:00:00+00:00,17,4,0,peak,,,,,,,,,,,,,,,,,,,,,,QLD1,196.48559735739934,10530.147430214241
2025-09-12 17:30:00+00:00,17,4,0,peak,,,,,,,,,,,,,,,,,,,,,,QLD1,162.70521675681562,11904.423101123246
2025-09-12 18:00:00+00:00,18,4,0,peak,,,,,,,,,,,,,,,,,,,,,,QLD1,139.37242949817136,9756.261814795966
2025-09-12 18:30:00+00:00,18,4,0,peak,,,,,,,,,,,,,,,,,,,,,,QLD1,149.98141370138404,10874.79603517645
2025-09-12 19:00:00+00:00,19,4,0,peak,,,,,,,,,,,,,,,,,,,,,,QLD1,189.51972445508707,10267.241532809901
2025-09-12 19:30:00+00:00,19,4,0,peak,,,,,,,,,,,,,,,,,,,,,,QLD1,194.48420955578405,10134.671815802267
2025-09-12 20:00:00+00:00,20,4,0,peak,,,,,,,,,,,,,,,,,,,,,,QLD1,125.59110014247828,10819.87657993581
2025-09-12 20:30:00+00:00,20,4,0,peak,,,,,,,,,,,,,,,,,,,,,,QLD1,162.85163281008832,10461.640206633901
2025-09-12 21:00:00+00:00,21,4,0,peak,,,,,,,,,,,,,,,,,,,,,,QLD1,219.47942832627092,11152.693252638159
2025-09-12 21:30:00+00:00,21,4,0,peak,,,,,,,,,,,,,,,,,,,,,,QLD1,171.9534939855925,10414.620667234643
2025-09-12 22:00:00+00:00,22,4,0,shoulder,,,,,,,,,,,,,,,,,,,,,,QLD1,77.5235123872189,7947.616119924165
2025-09-12 22:30:00+00:00,22,4,0,shoulder,,,,,,,,,,,,,,,,,,,,,,QLD1,54.7139688048982,8053.028176524867
2025-09-12 23:00:00+00:00,23,4,0,shoulder,,,,,,,,,,,,,,,,,,,,,,QLD1,63.416323893368244,7563.109274506079
2025-09-12 23:30:00+00:00,23,4,0,shoulder,,,,,,,,,,,,,,,,,,,,,,QLD1,65.70199750337297,9161.841361925048
2025-09-13 00:00:00+00:00,0,5,1,other,,,,,,,,,,,,,,,,,,,,,,QLD1,59.658026728101575,6502.972543651779
2025-09-13 00:30:00+00:00,0,5,1,other,,,,,,,,,,,,,,,,,,,,,,QLD1,48.55881642019572,6543.692484225325
2025-09-13 01:00:00+00:00,1,5,1,other,,,,,,,,,,,,,,,,,,,,,,QLD1,55.92465735782768,3864.462375694015
2025-09-13 01:30:00+00:00,1,5,1,other,,,,,,,,,,,,,,,,,,,,,,QLD1,56.43454004999317,4087.126159795294
2025-09-13 02:00:00+00:00,2,5,1,other,,,,,,,,,,,,,,,,,,,,,,QLD1,40.87374467824888,3595.8798404402964
2025-09-13 02:30:00+00:00,2,5,1,other,,,,,,,,,,,,,,,,,,,,,,QLD1,59.13831405303572,4233.8813603198905
2025-09-13 03:00:00+00:00,3,5,1,other,,,,,,,,,,,,,,,,,,,,,,QLD1,60.7286451728363,3926.3122240090324
2025-09-13 03:30:00+00:00,3,5,1,other,,,,,,,,,,,,,,,,,,,,,,QLD1,41.603733739562955,4242.138845194497
2025-09-13 04:00:00+00:00,4,5,1,other,,,,,,,,,,,,,,,,,,,,,,QLD1,51.74157837069557,4069.0672403163253
2025-09-13 04:30:00+00:00,4,5,1,other,,,,,,,,,,,,,,,,,,,,,,QLD1,54.500520028286374,3948.4427026713192
2025-09-13 05:00:00+00:00,5,5,1,other,,,,,,,,,,,,,,,,,,,,,,QLD1,40.937255169747175,3717.4022067194305
2025-09-13 05:30:00+00:00,5,5,1,other,,,,,,,,,,,,,,,,,,,,,,QLD1,51.36804799964292,3929.3679427714005
2025-09-13 06:00:00+00:00,6,5,1,shoulder,,,,,,,,,,,,,,,,,,,,,,QLD1,49.66604245140664,6935.930435218067
2025-09-13 06:30:00+00:00,6,5,1,shoulder,,,,,,,,,,,,,,,,,,,,,,QLD1,59.31271500616964,7088.890971841081
2025-09-13 07:00:00+00:00,7,5,1,peak,,,,,,,,,,,,,,,,,,,,,,QLD1,133.57215887646097,8461.623429610263
2025-09-13 07:30:00+00:00,7,5,1,peak,,,,,,,,,,,,,,,,,,,,,,QLD1,174.21755160071947,8530.601062820244
2025-09-13 08:00:00+00:00,8,5,1,peak,,,,,,,,,,,,,,,,,,,,,,QLD1,223.78824047283405,9256.857925614258
2025-09-13 08:30:00+00:00,8,5,1,peak,,,,,,,,,,,,,,,,,,,,,,QLD1,129.26605561775565,9428.071045624707
2025-09-13 09:00:00+00:00,9,5,1,peak,,,,,,,,,,,,,,,,,,,,,,QLD1,115.2373140512342,8394.58426572861
2025-09-13 09:30:00+00:00,9,5,1,peak,,,,,,,,,,,,,,,,,,,,,,QLD1,190.49369939663762,8323.505544661073
2025-09-13 10:00:00+00:00,10,5,1,other,,,,,,,,,,,,,,,,,,,,,,QLD1,52.42051508479188,7576.30512581635
2025-09-13 10:30:00+00:00,10,5,1,other,,,,,,,,,,,,,,,,,,,,,,QLD1,54.849204297061355,6849.893840786714
2025-09-13 11:00:00+00:00,11,5,1,other,,,,,,,,,,,,,,,,,,,,,,QLD1,53.553640934867744,6686.778692737475
2025-09-13 11:30:00+00:00,11,5,1,other,,,,,,,,,,,,,,,,,,,,,,QLD1,78.2214985323182,6756.648148662524
2025-09-13 12:00:00+00:00,12,5,1,other,,,,,,,,,,,,,,,,,,,,,,QLD1,50.38443749152053,6808.351254854465
2025-09-13 12:30:00+00:00,12,5,1,other,,,,,,,,,,,,,,,,,,,,,,QLD1,48.54607487334862,6702.864036796135
2025-09-13 13:00:00+00:00,13,5,1,other,,,,,,,,,,,,,,,,,,,,,,QLD1,42.26253468330414,6477.941112184517
2025-09-13 13:30:00+00:00,13,5,1,other,,,,,,,,,,,,,,,,,,,,,,QLD1,53.463938782564796,6804.272548775709
2025-09-13 14:00:00+00:00,14,5,1,other,,,,,,,,,,,,,,,,,,,,,,QLD1,41.89650382201788,6834.903987803436
2025-09-13 14:30:00+00:00,14,5,1,other,,,,,,,,,,,,,,,,,,,,,,QLD1,65.6212659769965,6485.480101170337
2025-09-13 15:00:00+00:00,15,5,1,other,,,,,,,,,,,,,,,,,,,,,,QLD1,49.96951986169628,7287.268695708865
2025-09-13 15:30:00+00:00,15,5,1,other,,,,,,,,,,,,,,,,,,,,,,QLD1,33.986266197366874,7277.413506974467
2025-09-13 16:00:00+00:00,16,5,1,other,,,,,,,,,,,,,,,,,,,,,,QLD1,62.20662110571106,6705.345141205541
2025-09-13 16:30:00+00:00,16,5,1,other,,,,,,,,,,,,,,,,,,,,,,QLD1,60.29465365523735,7052.035135236153
2025-09-13 17:00:00+00:00,17,5,1,peak,,,,,,,,,,,,,,,,,,,,,,QLD1,146.2910081324451,10301.490422758416
2025-09-13 17:30:00+00:00,17,5,1,peak,,,,,,,,,,,,,,,,,,,,,,QLD1,127.85592701735528,8731.597081930802
2025-09-13 18:00:00+00:00,18,5,1,peak,,,,,,,,,,,,,,,,,,,,,,QLD1,139.03541005316183,8636.155475941407
2025-09-13 18:30:00+00:00,18,5,1,peak,,,,,,,,,,,,,,,,,,,,,,QLD1,129.95310254680072,9490.285486790122
2025-09-13 19:00:00+00:00,19,5,1,peak,,,,,,,,,,,,,,,,,,,,,,QLD1,168.1581455449403,9227.393432459809
2025-09-13 19:30:00+00:00,19,5,1,peak,,,,,,,,,,,,,,,,,,,,,,QLD1,121.64144680572933,9154.013601845521
2025-09-13 20:00:00+00:00,20,5,1,peak,,,,,,,,,,,,,,,,,,,,,,QLD1,138.73619766527816,7605.483583630713
2025-09-13 20:30:00+00:00,20,5,1,peak,,,,,,,,,,,,,,,,,,,,,,QLD1,134.46525832846717,9171.101727669751
2025-09-13 21:00:00+00:00,21,5,1,peak,,,,,,,,,,,,,,,,,,,,,,QLD1,162.08709492878384,9163.1701883192
2025-09-13 21:30:00+00:00,21,5,1,peak,,,,,,,,,,,,,,,,,,,,,,QLD1,112.42539659657308,8782.014792037282
2025-09-13 22:00:00+00:00,22,5,1,shoulder,,,,,,,,,,,,,,,,,,,,,,QLD1,37.984711528587475,6907.9273022345
2025-09-13 22:30:00+00:00,22,5,1,shoulder,,,,,,,,,,,,,,,,,,,,,,QLD1,51.805669488968846,6222.880680952085
2025-09-13 23:00:00+00:00,23,5,1,shoulder,,,,,,,,,,,,,,,,,,,,,,QLD1,48.290065560998386,6891.61600364002
2025-09-13 23:30:00+00:00,23,5,1,shoulder,,,,,,,,,,,,,,,,,,,,,,QLD1,55.454940710256345,7004.737804298168
2025-09-14 00:00:00+00:00,0,6,1,other,,,,,,,,,,,,,,,,,,,,,,QLD1,56.22546870599026,6545.807885911001
2025-09-14 00:30:00+00:00,0,6,1,other,,,,,,,,,,,,,,,,,,,,,,QLD1,45.640823562382785,6620.37181219038
2025-09-14 01:00:00+00:00,1,6,1,other,,,,,,,,,,,,,,,,,,,,,,QLD1,53.396441293954,3956.9100693330383
2025-09-14 01:30:00+00:00,1,6,1,other,,,,,,,,,,,,,,,,,,,,,,QLD1,51.46010401170003,4009.9310331612396
2025-09-14 02:00:00+00:00,2,6,1,other,,,,,,,,,,,,,,,,,,,,,,QLD1,54.96075438201959,4308.85794178145
2025-09-14 02:30:00+00:00,2,6,1,other,,,,,,,,,,,,,,,,,,,,,,QLD1,37.599842309818335,4127.363589423209
2025-09-14 03:00:00+00:00,3,6,1,other,,,,,,,,,,,,,,,,,,,,,,QLD1,58.25772944603392,4188.327132193774
2025-09-14 03:30:00+00:00,3,6,1,other,,,,,,,,,,,,,,,,,,,,,,QLD1,50.94317988246279,3972.2329208071
2025-09-14 04:00:00+00:00,4,6,1,other,,,,,,,,,,,,,,,,,,,,,,QLD1,49.641016554785374,4282.685757390996
2025-09-14 04:30:00+00:00,4,6,1,other,,,,,,,,,,,,,,,,,,,,,,QLD1,39.03549687975068,4074.985374742471
2025-09-14 05:00:00+00:00,5,6,1,other,,,,,,,,,,,,,,,,,,,,,,QLD1,57.667597398823666,4135.358260181323
2025-09-14 05:30:00+00:00,5,6,1,other,,,,,,,,,,,,,,,,,,,,,,QLD1,49.4589874986456,4323.852298130087
2025-09-14 06:00:00+00:00,6,6,1,shoulder,,,,,,,,,,,,,,,,,,,,,,QLD1,48.04527909011414,7698.89518734038
2025-09-14 06:30:00+00:00,6,6,1,shoulder,,,,,,,,,,,,,,,,,,,,,,QLD1,48.57583259511813,7015.181720356679
2025-09-14 07:00:00+00:00,7,6,1,peak,,,,,,,,,,,,,,,,,,,,,,QLD1,170.50393566290623,8952.584140154937
2025-09-14 07:30:00+00:00,7,6,1,peak,,,,,,,,,,,,,,,,,,,,,,QLD1,100.4344956689514,9545.959937873806
2025-09-14 08:00:00+00:00,8,6,1,peak,,,,,,,,,,,,,,,,,,,,,,QLD1,165.43979976456916,8317.266942914726
2025-09-14 08:30:00+00:00,8,6,1,peak,,,,,,,,,,,,,,,,,,,,,,QLD1,145.43384155676694,7939.990809745158
2025-09-14 09:00:00+00:00,9,6,1,peak,,,,,,,,,,,,,,,,,,,,,,QLD1,167.55566650081212,8823.341797926862
2025-09-14 09:30:00+00:00,9,6,1,peak,,,,,,,,,,,,,,,,,,,,,,QLD1,160.5856103093364,9102.103805850602
2025-09-14 10:00:00+00:00,10,6,1,other,,,,,,,,,,,,,,,,,,,,,,QLD1,55.403130672182726,7105.401167139816
2025-09-14 10:30:00+00:00,10,6,1,other,,,,,,,,,,,,,,,,,,,,,,QLD1,60.53405557153024,7549.485221272937
2025-09-14 11:00:00+00:00,11,6,1,other,,,,,,,,,,,,,,,,,,,,,,QLD1,54.974970733107575,7286.322616252598
2025-09-14 11:30:00+00:00,11,6,1,other,,,,,,,,,,,,,,,,,,,,,,QLD1,59.413052237045115,6325.209792440845
2025-09-14 12:00:00+00:00,12,6,1,other,,,,,,,,,,,,,,,,,,,,,,QLD1,50.84715627844089,7600.119157289839
2025-09-14 12:30:00+00:00,12,6,1,other,,,,,,,,,,,,,,,,,,,,,,QLD1,60.31712698542368,5933.211573166796
2025-09-14 13:00:00+00:00,13,6,1,other,,,,,,,,,,,,,,,,,,,,,,QLD1,47.17607372796121,7174.9619963972245
2025-09-14 13:30:00+00:00,13,6,1,other,,,,,,,,,,,,,,,,,,,,,,QLD1,48.15862957894529,7097.97535575081
2025-09-14 14:00:00+00:00,14,6,1,other,,,,,,,,,,,,,,,,,,,,,,QLD1,53.70758068245981,6252.618132753025
2025-09-14 14:30:00+00:00,14,6,1,other,,,,,,,,,,,,,,,,,,,,,,QLD1,48.002010985492355,7418.463210853211
2025-09-14 15:00:00+00:00,15,6,1,other,,,,,,,,,,,,,,,,,,,,,,QLD1,49.30712756075296,6568.0812386920525
2025-09-14 15:30:00+00:00,15,6,1,other,,,,,,,,,,,,,,,,,,,,,,QLD1,53.65593490048822,6392.886026818832
2025-09-14 16:00:00+00:00,16,6,1,other,,,,,,,,,,,,,,,,,,,,,,QLD1,48.29180260828538,7438.362131003718
2025-09-14 16:30:00+00:00,16,6,1,other,,,,,,,,,,,,,,,,,,,,,,QLD1,49.483785386683934,6655.029954106482
2025-09-14 17:00:00+00:00,17,6,1,peak,,,,,,,,,,,,,,,,,,,,,,QLD1,135.89290691176276,9207.640861474201
2025-09-14 17:30:00+00:00,17,6,1,peak,,,,,,,,,,,,,,,,,,,,,,QLD1,150.1827091519478,9829.752039083573
2025-09-14 18:00:00+00:00,18,6,1,peak,,,,,,,,,,,,,,,,,,,,,,QLD1,125.21940886158306,8898.06234590735
2025-09-14 18:30:00+00:00,18,6,1,peak,,,,,,,,,,,,,,,,,,,,,,QLD1,172.85729184767777,9421.739172990365
2025-09-14 19:00:00+00:00,19,6,1,peak,,,,,,,,,,,,,,,,,,,,,,QLD1,171.41278416603723,10026.553694635413
2025-09-14 19:30:00+00:00,19,6,1,peak,,,,,,,,,,,,,,,,,,,,,,QLD1,141.35576611646925,8685.795418108826
2025-09-14 20:00:00+00:00,20,6,1,peak,,,,,,,,,,,,,,,,,,,,,,QLD1,168.47779676809887,8308.653746578806
2025-09-14 20:30:00+00:00,20,6,1,peak,,,,,,,,,,,,,,,,,,,,,,QLD1,179.5685886441697,9854.492889538065
2025-09-14 21:00:00+00:00,21,6,1,peak,,,,,,,,,,,,,,,,,,,,,,QLD1,150.77685452790462,8702.635388466852
2025-09-14 21:30:00+00:00,21,6,1,peak,,,,,,,,,,,,,,,,,,,,,,QLD1,137.16512901227347,8186.333923882842
2025-09-14 22:00:00+00:00,22,6,1,shoulder,,,,,,,,,,,,,,,,,,,,,,QLD1,47.13010510719833,6613.344911666603
2025-09-14 22:30:00+00:00,22,6,1,shoulder,,,,,,,,,,,,,,,,,,,,,,QLD1,50.52954408855676,6679.373177685118
2025-09-14 23:00:00+00:00,23,6,1,shoulder,,,,,,,,,,,,,,,,,,,,,,QLD1,55.82230514946009,6977.135855997331
2025-09-14 23:30:00+00:00,23,6,1,shoulder,,,,,,,,,,,,,,,,,,,,,,QLD1,48.40045435087458,7853.664602161678
2025-09-15 00:00:00+00:00,0,0,0,other,,,,,,,,,,,,,,,,,,,,,,QLD1,68.99318011138679,8247.601167919935
2025-09-15 00:30:00+00:00,0,0,0,other,,,,,,,,,,,,,,,,,,,,,,QLD1,59.808953889115465,7951.215723886622
2025-09-15 01:00:00+00:00,1,0,0,other,,,,,,,,,,,,,,,,,,,,,,QLD1,55.90494825642883,4938.2882337216
2025-09-15 01:30:00+00:00,1,0,0,other,,,,,,,,,,,,,,,,,,,,,,QLD1,66.74819072661748,4945.195196146729
2025-09-15 02:00:00+00:00,2,0,0,other,,,,,,,,,,,,,,,,,,,,,,QLD1,58.466957850052104,4091.890840503059
2025-09-15 02:30:00+00:00,2,0,0,other,,,,,,,,,,,,,,,,,,,,,,QLD1,54.40961380209026,4604.90614787599
2025-09-15 03:00:00+00:00,3,0,0,other,,,,,,,,,,,,,,,,,,,,,,QLD1,53.96120095928541,4900.6804530064765
2025-09-15 03:30:00+00:00,3,0,0,other,,,,,,,,,,,,,,,,,,,,,,QLD1,66.73802435286743,4618.223080708843
2025-09-15 04:00:00+00:00,4,0,0,other,,,,,,,,,,,,,,,,,,,,,,QLD1,69.81405346447914,4634.188405249919
2025-09-15 04:30:00+00:00,4,0,0,other,,,,,,,,,,,,,,,,,,,,,,QLD1,59.48934847825801,4675.38791351388
2025-09-15 05:00:00+00:00,5,0,0,other,,,,,,,,,,,,,,,,,,,,,,QLD1,60.68024148436506,4887.671074752408
2025-09-15 05:30:00+00:00,5,0,0,other,,,,,,,,,,,,,,,,,,,,,,QLD1,57.82364453282995,4297.429423494543
2025-09-15 06:00:00+00:00,6,0,0,shoulder,,,,,,,,,,,,,,,,,,,,,,QLD1,60.68948154005245,7391.856284662295
2025-09-15 06:30:00+00:00,6,0,0,shoulder,,,,,,,,,,,,,,,,,,,,,,QLD1,50.82281799003045,7957.62691049929
2025-09-15 07:00:00+00:00,7,0,0,peak,,,,,,,,,,,,,,,,,,,,,,QLD1,141.6518622905389,10350.471201585977
2025-09-15 07:30:00+00:00,7,0,0,peak,,,,,,,,,,,,,,,,,,,,,,QLD1,155.56756036896584,10499.62419689861
2025-09-15 08:00:00+00:00,8,0,0,peak,,,,,,,,,,,,,,,,,,,,,,QLD1,185.95801728783462,11862.912429835636
2025-09-15 08:30:00+00:00,8,0,0,peak,,,,,,,,,,,,,,,,,,,,,,QLD1,182.73826631260044,10433.482844248854
2025-09-15 09:00:00+00:00,9,0,0,peak,,,,,,,,,,,,,,,,,,,,,,QLD1,249.44326872217314,10335.771967277218
2025-09-15 09:30:00+00:00,9,0,0,peak,,,,,,,,,,,,,,,,,,,,,,QLD1,155.9719363439305,10470.165764548437
2025-09-15 10:00:00+00:00,10,0,0,other,,,,,,,,,,,,,,,,,,,,,,QLD1,60.508205554445944,7541.124918613969
2025-09-15 10:30:00+00:00,10,0,0,other,,,,,,,,,,,,,,,,,,,,,,QLD1,62.23759118340615,7942.0788275028035
2025-09-15 11:00:00+00:00,11,0,0,other,,,,,,,,,,,,,,,,,,,,,,QLD1,63.92614194258805,8264.901936816128
2025-09-15 11:30:00+00:00,11,0,0,other,,,,,,,,,,,,,,,,,,,,,,QLD1,65.67277522142327,7385.436828659181
2025-09-15 12:00:00+00:00,12,0,0,other,,,,,,,,,,,,,,,,,,,,,,QLD1,73.4626045209561,7555.536128583893
2025-09-15 12:30:00+00:00,12,0,0,other,,,,,,,,,,,,,,,,,,,,,,QLD1,54.433934504431825,7759.647510722719
2025-09-15 13:00:00+00:00,13,0,0,other,,,,,,,,,,,,,,,,,,,,,,QLD1,67.6615726053507,7941.1221966355115
2025-09-15 13:30:00+00:00,13,0,0,other,,,,,,,,,,,,,,,,,,,,,,QLD1,69.78114984786467,7730.780971245246
2025-09-15 14:00:00+00:00,14,0,0,other,,,,,,,,,,,,,,,,,,,,,,QLD1,58.17225439311153,7699.3075691577815
2025-09-15 14:30:00+00:00,14,0,0,other,,,,,,,,,,,,,,,,,,,,,,QLD1,63.73630459934576,8634.861719627985
2025-09-15 15:00:00+00:00,15,0,0,other,,,,,,,,,,,,,,,,,,,,,,QLD1,74.54955274927946,7549.767073159387
2025-09-15 15:30:00+00:00,15,0,0,other,,,,,,,,,,,,,,,,,,,,,,QLD1,71.25984441463069,7900.045488263161
2025-09-15 16:00:00+00:00,16,0,0,other,,,,,,,,,,,,,,,,,,,,,,QLD1,65.71780022192449,7970.305100829108
2025-09-15 16:30:00+00:00,16,0,0,other,,,,,,,,,,,,,,,,,,,,,,QLD1,86.29923411121591,7508.282116987671
2025-09-15 17:00:00+00:00,17,0,0,peak,,,,,,,,,,,,,,,,,,,,,,QLD1,155.08024659660506,9596.528243490939
2025-09-15 17:30:00+00:00,17,0,0,peak,,,,,,,,,,,,,,,,,,,,,,QLD1,128.97086807096827,10133.068140094389
2025-09-15 18:00:00+00:00,18,0,0,peak,,,,,,,,,,,,,,,,,,,,,,QLD1,175.16205975749935,11405.863366664098
2025-09-15 18:30:00+00:00,18,0,0,peak,,,,,,,,,,,,,,,,,,,,,,QLD1,184.7717771296446,8382.89457259737
2025-09-15 19:00:00+00:00,19,0,0,peak,,,,,,,,,,,,,,,,,,,,,,QLD1,127.40645924258479,10313.918279766307
2025-09-15 19:30:00+00:00,19,0,0,peak,,,,,,,,,,,,,,,,,,,,,,QLD1,149.6353653358518,10067.458243346548
2025-09-15 20:00:00+00:00,20,0,0,peak,,,,,,,,,,,,,,,,,,,,,,QLD1,161.33684869283567,11372.806072484489
2025-09-15 20:30:00+00:00,20,0,0,peak,,,,,,,,,,,,,,,,,,,,,,QLD1,184.66274900828213,10817.259995906052
2025-09-15 21:00:00+00:00,21,0,0,peak,,,,,,,,,,,,,,,,,,,,,,QLD1,176.8462714103262,10740.007031092828
2025-09-15 21:30:00+00:00,21,0,0,peak,,,,,,,,,,,,,,,,,,,,,,QLD1,205.0165786981102,10244.496813151836
2025-09-15 22:00:00+00:00,22,0,0,shoulder,,,,,,,,,,,,,,,,,,,,,,QLD1,72.93456064214703,8295.637077383783
2025-09-15 22:30:00+00:00,22,0,0,shoulder,,,,,,,,,,,,,,,,,,,,,,QLD1,81.36031758950983,9094.627918165708
2025-09-15 23:00:00+00:00,23,0,0,shoulder,,,,,,,,,,,,,,,,,,,,,,QLD1,60.88463287245998,7640.1400567543715
2025-09-15 23:30:00+00:00,23,0,0,shoulder,,,,,,,,,,,,,,,,,,,,,,QLD1,58.73810930851295,7677.949463114595
2025-09-16 00:00:00+00:00,0,1,0,other,,,,,,,,,,,,,,,,,,,,,,QLD1,62.63080440918107,8674.589032317352
2025-09-16 00:30:00+00:00,0,1,0,other,,,,,,,,,,,,,,,,,,,,,,QLD1,68.63105952510828,8285.42622220609
2025-09-16 01:00:00+00:00,1,1,0,other,,,,,,,,,,,,,,,,,,,,,,QLD1,60.352093088092516,5057.55903761984
2025-09-16 01:30:00+00:00,1,1,0,other,,,,,,,,,,,,,,,,,,,,,,QLD1,69.03785746325757,4585.526105080353
2025-09-16 02:00:00+00:00,2,1,0,other,,,,,,,,,,,,,,,,,,,,,,QLD1,52.415192362230314,4750.798222495502
2025-09-16 02:30:00+00:00,2,1,0,other,,,,,,,,,,,,,,,,,,,,,,QLD1,62.208346941714986,4964.978774048322
2025-09-16 03:00:00+00:00,3,1,0,other,,,,,,,,,,,,,,,,,,,,,,QLD1,68.49151985494109,5544.814368292582
2025-09-16 03:30:00+00:00,3,1,0,other,,,,,,,,,,,,,,,,,,,,,,QLD1,65.9723675341426,5256.338365244021
2025-09-16 04:00:00+00:00,4,1,0,other,,,,,,,,,,,,,,,,,,,,,,QLD1,68.74350995828371,4829.486184554705
2025-09-16 04:30:00+00:00,4,1,0,other,,,,,,,,,,,,,,,,,,,,,,QLD1,67.47904486807201,5213.145286638208
2025-09-16 05:00:00+00:00,5,1,0,other,,,,,,,,,,,,,,,,,,,,,,QLD1,54.643648807154605,5039.336006844955
2025-09-16 05:30:00+00:00,5,1,0,other,,,,,,,,,,,,,,,,,,,,,,QLD1,44.574531004751144,4570.99398488195
2025-09-16 06:00:00+00:00,6,1,0,shoulder,,,,,,,,,,,,,,,,,,,,,,QLD1,57.91916869765493,8723.672530747506
2025-09-16 06:30:00+00:00,6,1,0,shoulder,,,,,,,,,,,,,,,,,,,,,,QLD1,58.60874365836054,7983.127397090055
2025-09-16 07:00:00+00:00,7,1,0,peak,,,,,,,,,,,,,,,,,,,,,,QLD1,163.490682283497,10734.698462847417
2025-09-16 07:30:00+00:00,7,1,0,peak,,,,,,,,,,,,,,,,,,,,,,QLD1,190.58701065438362,9113.223167686669
2025-09-16 08:00:00+00:00,8,1,0,peak,,,,,,,,,,,,,,,,,,,,,,QLD1,162.1376292728973,10041.652459272997
2025-09-16 08:30:00+00:00,8,1,0,peak,,,,,,,,,,,,,,,,,,,,,,QLD1,165.5895735026893,10735.909547455572
2025-09-16 09:00:00+00:00,9,1,0,peak,,,,,,,,,,,,,,,,,,,,,,QLD1,183.5512255144154,9311.476712467587
2025-09-16 09:30:00+00:00,9,1,0,peak,,,,,,,,,,,,,,,,,,,,,,QLD1,291.85484857928424,11042.431639241675
2025-09-16 10:00:00+00:00,10,1,0,other,,,,,,,,,,,,,,,,,,,,,,QLD1,63.42601207136643,8294.731873982784
2025-09-16 10:30:00+00:00,10,1,0,other,,,,,,,,,,,,,,,,,,,,,,QLD1,66.16965831739512,8605.798358277174
2025-09-16 11:00:00+00:00,11,1,0,other,,,,,,,,,,,,,,,,,,,,,,QLD1,46.62496030612881,7515.980905083495
2025-09-16 11:30:00+00:00,11,1,0,other,,,,,,,,,,,,,,,,,,,,,,QLD1,57.46597761701126,8703.320463260201
2025-09-16 12:00:00+00:00,12,1,0,other,,,,,,,,,,,,,,,,,,,,,,QLD1,56.881103775542044,8853.172176754742
2025-09-16 12:30:00+00:00,12,1,0,other,,,,,,,,,,,,,,,,,,,,,,QLD1,80.86853614776541,8072.87994186603
2025-09-16 13:00:00+00:00,13,1,0,other,,,,,,,,,,,,,,,,,,,,,,QLD1,56.06170908989814,9276.283026833167
2025-09-16 13:30:00+00:00,13,1,0,other,,,,,,,,,,,,,,,,,,,,,,QLD1,71.11949812532448,8558.444065706797
2025-09-16 14:00:00+00:00,14,1,0,other,,,,,,,,,,,,,,,,,,,,,,QLD1,68.59408684955018,8172.431043889672
2025-09-16 14:30:00+00:00,14,1,0,other,,,,,,,,,,,,,,,,,,,,,,QLD1,67.66926938935478,7586.743519336027
2025-09-16 15:00:00+00:00,15,1,0,other,,,,,,,,,,,,,,,,,,,,,,QLD1,63.40541877301921,8264.377611516884
2025-09-16 15:30:00+00:00,15,1,0,other,,,,,,,,,,,,,,,,,,,,,,QLD1,67.61640525157952,8331.89247507343
2025-09-16 16:00:00+00:00,16,1,0,other,,,,,,,,,,,,,,,,,,,,,,QLD1,61.67065620441198,7910.632921102392
2025-09-16 16:30:00+00:00,16,1,0,other,,,,,,,,,,,,,,,,,,,,,,QLD1,67.23823409016738,8194.202627209035
2025-09-16 17:00:00+00:00,17,1,0,peak,,,,,,,,,,,,,,,,,,,,,,QLD1,203.70009745718457,10139.952995418224
2025-09-16 17:30:00+00:00,17,1,0,peak,,,,,,,,,,,,,,,,,,,,,,QLD1,185.69598828959937,10603.91655865022
2025-09-16 18:00:00+00:00,18,1,0,peak,,,,,,,,,,,,,,,,,,,,,,QLD1,179.69781713451678,9675.757951247462
2025-09-16 18:30:00+00:00,18,1,0,peak,,,,,,,,,,,,,,,,,,,,,,QLD1,134.94136987373273,9995.156509773857
2025-09-16 19:00:00+00:00,19,1,0,peak,,,,,,,,,,,,,,,,,,,,,,QLD1,160.9154333029605,10731.402511477103
2025-09-16 19:30:00+00:00,19,1,0,peak,,,,,,,,,,,,,,,,,,,,,,QLD1,223.35194928312814,11622.9438091663
2025-09-16 20:00:00+00:00,20,1,0,peak,,,,,,,,,,,,,,,,,,,,,,QLD1,230.77816037717767,10522.05991875276
2025-09-16 20:30:00+00:00,20,1,0,peak,,,,,,,,,,,,,,,,,,,,,,QLD1,200.26120794261104,10571.32168543902
2025-09-16 21:00:00+00:00,21,1,0,peak,,,,,,,,,,,,,,,,,,,,,,QLD1,165.35402286824214,10113.917446641302
2025-09-16 21:30:00+00:00,21,1,0,peak,,,,,,,,,,,,,,,,,,,,,,QLD1,190.01385894431746,10568.046419197613
2025-09-16 22:00:00+00:00,22,1,0,shoulder,,,,,,,,,,,,,,,,,,,,,,QLD1,72.00016694277045,8117.513768422716
2025-09-16 22:30:00+00:00,22,1,0,shoulder,,,,,,,,,,,,,,,,,,,,,,QLD1,69.45755465029146,8110.71431021205
2025-09-16 23:00:00+00:00,23,1,0,shoulder,,,,,,,,,,,,,,,,,,,,,,QLD1,67.48637944942844,8130.02244850261
2025-09-16 23:30:00+00:00,23,1,0,shoulder,,,,,,,,,,,,,,,,,,,,,,QLD1,59.40483212761043,6821.680947512163
2025-09-17 00:00:00+00:00,0,2,0,other,,,,,,,,,,,,,,,,,,,,,,QLD1,61.75026559895622,8643.25011228111
2025-09-17 00:30:00+00:00,0,2,0,other,,,,,,,,,,,,,,,,,,,,,,QLD1,67.48068694258352,8137.184189082045
2025-09-17 01:00:00+00:00,1,2,0,other,,,,,,,,,,,,,,,,,,,,,,QLD1,58.90874757043954,5072.474754017939
2025-09-17 01:30:00+00:00,1,2,0,other,,,,,,,,,,,,,,,,,,,,,,QLD1,65.30363877017295,4271.647745351337
2025-09-17 02:00:00+00:00,2,2,0,other,,,,,,,,,,,,,,,,,,,,,,QLD1,57.27737637868917,4439.873657815198
2025-09-17 02:30:00+00:00,2,2,0,other,,,,,,,,,,,,,,,,,,,,,,QLD1,56.990574946027614,5306.515927498611
2025-09-17 03:00:00+00:00,3,2,0,other,,,,,,,,,,,,,,,,,,,,,,QLD1,60.744174243637296,4526.669982581134
2025-09-17 03:30:00+00:00,3,2,0,other,,,,,,,,,,,,,,,,,,,,,,QLD1,59.67032218510855,4679.102729906557
2025-09-17 04:00:00+00:00,4,2,0,other,,,,,,,,,,,,,,,,,,,,,,QLD1,54.248116124515924,4777.599873662532
2025-09-17 04:30:00+00:00,4,2,0,other,,,,,,,,,,,,,,,,,,,,,,QLD1,62.69673742860932,4846.616240934619
2025-09-17 05:00:00+00:00,5,2,0,other,,,,,,,,,,,,,,,,,,,,,,QLD1,70.01697974926026,5214.561438833022
2025-09-17 05:30:00+00:00,5,2,0,other,,,,,,,,,,,,,,,,,,,,,,QLD1,61.608290419143486,4521.253858618005
2025-09-17 06:00:00+00:00,6,2,0,shoulder,,,,,,,,,,,,,,,,,,,,,,QLD1,71.51146907847276,9154.625179515777
2025-09-17 06:30:00+00:00,6,2,0,shoulder,,,,,,,,,,,,,,,,,,,,,,QLD1,75.49289674206025,9195.339784286594
2025-09-17 07:00:00+00:00,7,2,0,peak,,,,,,,,,,,,,,,,,,,,,,QLD1,132.68244135874986,10361.3439061387
2025-09-17 07:30:00+00:00,7,2,0,peak,,,,,,,,,,,,,,,,,,,,,,QLD1,241.1904612182473,11169.974903585282
2025-09-17 08:00:00+00:00,8,2,0,peak,,,,,,,,,,,,,,,,,,,,,,QLD1,151.92766086375727,11496.035024578974
2025-09-17 08:30:00+00:00,8,2,0,peak,,,,,,,,,,,,,,,,,,,,,,QLD1,186.96342479114975,10097.522098700145
2025-09-17 09:00:00+00:00,9,2,0,peak,,,,,,,,,,,,,,,,,,,,,,QLD1,152.29458471835326,10002.4856752323
2025-09-17 09:30:00+00:00,9,2,0,peak,,,,,,,,,,,,,,,,,,,,,,QLD1,228.06820594467473,9559.29550088095
2025-09-17 10:00:00+00:00,10,2,0,other,,,,,,,,,,,,,,,,,,,,,,QLD1,83.11553239328005,7095.786264680617
2025-09-17 10:30:00+00:00,10,2,0,other,,,,,,,,,,,,,,,,,,,,,,QLD1,74.67252840736626,9189.366707701625
2025-09-17 11:00:00+00:00,11,2,0,other,,,,,,,,,,,,,,,,,,,,,,QLD1,67.74205640531748,7528.33835871879
2025-09-17 11:30:00+00:00,11,2,0,other,,,,,,,,,,,,,,,,,,,,,,QLD1,71.4527070327715,6997.5347495745555
2025-09-17 12:00:00+00:00,12,2,0,other,,,,,,,,,,,,,,,,,,,,,,QLD1,61.68511791028695,7565.857170117979
2025-09-17 12:30:00+00:00,12,2,0,other,,,,,,,,,,,,,,,,,,,,,,QLD1,66.30539386454936,7429.461262641147
2025-09-17 13:00:00+00:00,13,2,0,other,,,,,,,,,,,,,,,,,,,,,,QLD1,76.89057404449515,8538.509121524183
2025-09-17 13:30:00+00:00,13,2,0,other,,,,,,,,,,,,,,,,,,,,,,QLD1,73.89649742717336,7816.1895528210825
2025-09-17 14:00:00+00:00,14,2,0,other,,,,,,,,,,,,,,,,,,,,,,QLD1,71.32382770041843,7828.478386055486
2025-09-17 14:30:00+00:00,14,2,0,other,,,,,,,,,,,,,,,,,,,,,,QLD1,75.34319553920882,8224.262433146325
2025-09-17 15:00:00+00:00,15,2,0,other,,,,,,,,,,,,,,,,,,,,,,QLD1,64.94417969431461,7339.145605586532
2025-09-17 15:30:00+00:00,15,2,0,other,,,,,,,,,,,,,,,,,,,,,,QLD1,63.43621164965812,7475.741049651162
2025-09-17 16:00:00+00:00,16,2,0,other,,,,,,,,,,,,,,,,,,,,,,QLD1,65.53357388516943,7429.68686685505
2025-09-17 16:30:00+00:00,16,2,0,other,,,,,,,,,,,,,,,,,,,,,,QLD1,67.31994627506504,8653.567626657195
2025-09-17 17:00:00+00:00,17,2,0,peak,,,,,,,,,,,,,,,,,,,,,,QLD1,205.393887416729,10968.827285486179
2025-09-17 17:30:00+00:00,17,2,0,peak,,,,,,,,,,,,,,,,,,,,,,QLD1,191.54700384308927,11015.306799497317
2025-09-17 18:00:00+00:00,18,2,0,peak,,,,,,,,,,,,,,,,,,,,,,QLD1,209.44550406955486,12059.920580084745
2025-09-17 18:30:00+00:00,18,2,0,peak,,,,,,,,,,,,,,,,,,,,,,QLD1,108.8698307771001,11615.860626517146
2025-09-17 19:00:00+00:00,19,2,0,peak,,,,,,,,,,,,,,,,,,,,,,QLD1,182.76116704509093,10819.48388209016
2025-09-17 19:30:00+00:00,19,2,0,peak,,,,,,,,,,,,,,,,,,,,,,QLD1,168.68429451686433,11008.62342179738
2025-09-17 20:00:00+00:00,20,2,0,peak,,,,,,,,,,,,,,,,,,,,,,QLD1,163.87218391956404,10839.820301348318
2025-09-17 20:30:00+00:00,20,2,0,peak,,,,,,,,,,,,,,,,,,,,,,QLD1,171.50043181040232,9968.023015596926
2025-09-17 21:00:00+00:00,21,2,0,peak,,,,,,,,,,,,,,,,,,,,,,QLD1,184.0916201278474,10270.786715473478
2025-09-17 21:30:00+00:00,21,2,0,peak,,,,,,,,,,,,,,,,,,,,,,QLD1,214.72715734394004,10357.999350682605
2025-09-17 22:00:00+00:00,22,2,0,shoulder,,,,,,,,,,,,,,,,,,,,,,QLD1,58.30532882342739,8388.858995181348
2025-09-17 22:30:00+00:00,22,2,0,shoulder,,,,,,,,,,,,,,,,,,,,,,QLD1,67.4474260407337,7956.539399672842
2025-09-17 23:00:00+00:00,23,2,0,shoulder,,,,,,,,,,,,,,,,,,,,,,QLD1,77.34311206529149,9010.232266999696
2025-09-17 23:30:00+00:00,23,2,0,shoulder,,,,,,,,,,,,,,,,,,,,,,QLD1,70.28440216225505,8005.011830362525
2025-09-18 00:00:00+00:00,0,3,0,other,,,,,,,,,,,,,,,,,,,,,,QLD1,65.06034272216966,8059.322670321971
